cod_regsaude;municipio
11001;110002
11001;110013
11001;110026
11001;110040
11001;110045
11001;110060
11001;110070
11001;110094
11001;110140
11002;110004
11002;110009
11002;110018
11002;110120
11002;110147
11002;110148
11003;110011
11003;110012
11003;110015
11003;110025
11003;110032
11003;110034
11003;110100
11003;110130
11003;110143
11003;110155
11003;110160
11003;110170
11003;110175
11003;110180
11004;110010
11004;110020
11004;110033
11004;110080
11004;110110
11005;110001
11005;110014
11005;110028
11005;110029
11005;110037
11005;110050
11005;110090
11005;110145
11006;110003
11006;110005
11006;110006
11006;110007
11006;110030
11006;110092
11006;110146
11007;110008
11007;110149
11007;110150
11000;110000
12001;120005
12001;120010
12001;120025
12001;120070
12002;120001
12002;120013
12002;120017
12002;120032
12002;120034
12002;120038
12002;120040
12002;120043
12002;120045
12002;120050
12002;120080
12003;120020
12003;120030
12003;120033
12003;120035
12003;120039
12003;120042
12003;120060
11000;119999
12000;120000
13001;130030
13001;130040
13001;130110
13001;130115
13001;130185
13001;130255
12000;129999
13001;130260
13001;130310
13001;130353
13001;130356
13001;130360
13001;130380
13002;130008
13002;130010
13002;130063
13002;130083
13002;130120
13002;130130
13002;130250
13002;130320
13003;130014
13003;130080
13003;130170
13003;130270
13003;130330
13004;130190
13004;130200
13004;130395
13004;130400
13004;130430
13004;130440
13005;130050
13005;130068
13005;130290
13005;130300
13001;132603
13005;130340
13006;130070
13006;130090
13006;130240
13006;130350
13006;130410
13007;130100
13007;130140
13007;130150
13007;130165
13007;130180
13007;130195
13005;133403
13008;130002
13008;130210
13008;130220
13008;130280
13008;130420
13008;130426
13009;130006
13009;130020
13009;130060
13009;130160
13009;130230
13009;130370
13009;130390
13009;130406
13009;130423
13008;130029
13000;130000
14001;140002
14001;140005
13000;139999
14001;140010
14001;140015
14001;140017
14001;140030
14001;140040
14001;140045
14001;140070
14002;140020
14002;140023
14002;140028
14002;140047
14002;140050
14002;140060
14000;140000
15001;150034
15001;150125
15001;150270
15001;150276
15001;150304
15001;150543
15001;150555
15001;150613
15001;150616
15001;150658
15001;150670
15001;150730
15001;150775
15001;150808
15001;150840
15002;150040
15002;150050
15002;150145
15002;150285
15002;150300
15002;150390
15002;150475
15002;150480
15002;150510
15002;150530
15002;150565
15002;150600
15002;150680
15002;150797
15003;150013
15003;150157
15003;150175
15003;150215
15003;150277
15003;150293
15003;150295
15003;150370
15003;150420
15003;150497
15003;150549
15003;150553
15003;150563
15003;150618
15003;150715
15003;150745
15003;150750
15004;150178
15004;150309
15004;150380
15004;150506
15004;150795
15004;150810
15006;150080
15006;150140
15006;150150
15006;150442
15006;150635
15007;150020
15007;150190
15007;150260
15007;150275
15007;150650
15007;150700
15007;150710
15007;150800
15007;150820
15008;150095
15008;150230
15008;150240
15008;150290
15008;150307
15008;150320
15008;150340
15008;150345
15008;150350
15008;150405
15008;150410
15008;150430
15008;150440
15008;150495
15008;150550
15008;150660
15008;150720
15008;150740
15008;150746
15008;150760
15008;150796
15008;150812
15009;150090
15009;150160
15009;150170
15009;150195
15009;150220
15009;150500
15009;150540
15009;150560
15009;150610
15009;150611
15009;150620
15009;150655
15009;150690
15009;150747
15009;150803
15009;150830
15010;150100
15010;150360
15010;150375
15010;150503
15010;150619
15010;150805
15011;150010
15011;150120
15011;150130
15011;150210
15011;150330
15011;150400
15011;150460
15011;150470
15011;150520
15012;150060
15012;150085
15012;150172
15012;150445
15012;150548
15012;150590
15012;150780
15012;150815
15012;150835
15013;150030
15013;150200
15013;150250
15013;150490
15013;150570
15013;150630
15013;150640
15013;150770
15013;150790
15014;150070
15014;150110
15014;150180
15014;150280
15014;150310
15014;150450
15014;150580
14000;149999
15000;159999
15000;150000
16001;160005
16001;160015
16001;160021
16001;160023
16001;160025
16001;160030
16001;160053
16002;160010
16002;160020
16002;160050
16002;160055
16002;160070
16003;160027
16003;160040
16003;160060
16003;160080
16000;160000
17001;170130
17001;170210
17001;170215
17001;170300
17001;170307
17001;170384
17001;170388
17001;170650
17001;170770
17001;170900
17001;171395
17001;171488
17001;171630
17001;171720
17001;171886
17001;172208
17001;172210
17002;170030
17002;170100
17002;170105
17002;170220
17002;170255
17002;170290
17002;170380
17002;170382
17002;170389
17002;170740
17002;171070
17002;171245
17002;171280
17002;171380
17002;171430
17002;171830
17002;171855
17002;171880
17002;172000
17002;172010
17002;172020
17002;172030
17002;172080
17002;172120
17003;170040
17003;170240
17003;170270
17003;170555
17003;170560
17003;170700
17003;171215
17003;171515
17003;171525
17003;171620
17003;171780
17003;171800
17003;171865
17003;172090
17003;172093
17004;170230
17004;170305
17004;170320
17004;170330
17004;170360
17004;170410
17004;170550
17004;170600
17004;170830
17004;170930
17004;171050
17004;171090
17004;171110
17004;171180
17004;171570
17004;171650
17004;171665
17004;171670
17004;171840
17004;171850
17004;171888
17004;172125
17004;172130
17005;170035
17005;170070
17005;170200
17005;170386
17005;170625
17005;170730
17005;170765
17005;170820
17005;170950
17005;171150
17005;171575
17005;171660
17005;171884
17005;171889
17005;172025
17005;172049
17005;172085
17005;172097
17006;170110
17006;170825
17006;171195
17006;171200
17006;171240
17006;171320
17006;171330
17006;171510
17006;171870
17006;171875
17006;171900
17006;172015
17006;172100
17006;172110
17007;170025
17007;170190
17007;170310
17007;170390
17007;170460
17007;170610
17007;170710
17007;170720
17007;171190
17007;171250
17007;171370
17007;171500
17007;171610
17007;171750
17007;171845
17008;170370
17008;170510
17008;170755
17008;170980
17008;171270
17008;171360
17008;171420
17008;171550
17008;171700
17008;171790
17008;171820
17008;171890
17008;172065
16000;169999
17000;170000
21001;210005
21001;210203
21001;210232
21001;210325
21001;210542
21001;211085
21001;211153
21001;211285
21002;210040
21002;210120
21002;210207
21002;210215
21002;210355
21002;210590
21002;210635
21002;210740
21002;210810
21002;211140
21002;211300
21003;210050
21003;210140
21003;210280
21003;210407
21003;210409
21003;210410
21003;210610
21003;210725
21003;210950
21003;210970
21003;211080
21003;211157
21003;211160
21003;211200
21004;210095
21004;210160
21004;210408
21004;210480
21004;210535
21004;210547
21005;210010
21005;210030
21005;210220
21005;210300
21005;210340
21005;210390
21005;211107
21006;210015
21006;210080
21006;210090
21006;210210
21006;210320
21006;210630
21006;210640
21006;210667
21006;210805
21006;211010
21006;211023
21006;211060
21006;211250
21007;210043
17000;179999
17000;170172
17000;171350
17000;172206
21007;210330
21007;210360
21007;210845
21007;211150
21007;211210
21008;210060
21008;210235
21008;210255
21008;210375
21008;210405
21008;210455
21008;210530
21008;210550
21008;210598
21008;210700
21008;210900
21008;210955
21008;211105
21008;211176
21008;211180
21009;210070
21009;210100
21009;210173
21009;210270
21009;210540
21009;210663
21009;210675
21009;210720
21009;210880
21009;210930
21009;211040
21009;211260
21009;211270
21009;211290
21010;210193
21010;210400
21010;210520
21010;210570
21010;210580
21010;210594
21010;210596
21010;210600
21010;210820
21010;210890
21010;211163
21010;211167
21010;211223
21011;210083
21011;210130
21011;210190
21011;210310
21011;210312
21011;210370
21011;210490
21011;210680
21011;210825
21011;210840
21011;210860
21011;210905
21011;210927
21011;210980
21011;211178
21011;211240
21011;211245
21012;210275
21012;210380
21012;210420
21012;210440
21012;210450
21012;210460
21012;210462
21012;210470
21012;210560
21012;210910
21012;210975
21012;211030
21012;211070
21012;211125
21012;211174
21012;211230
21013;210110
21013;210125
21007;213307
21013;210170
21013;210237
21013;210500
21013;210510
21013;210710
21013;210920
21013;210940
21013;210960
21013;211020
21013;211027
21014;210047
21014;210177
21014;210200
21014;210465
21014;210515
21014;210690
21014;210850
21014;210870
21014;210990
21014;211000
21014;211102
21014;211172
21014;211227
21015;210150
21015;210180
21015;210230
21015;210350
21015;210545
21015;210592
21015;210670
21015;210730
21015;210770
21015;210790
21015;210800
21015;211065
21015;211110
21015;211190
21015;211195
21016;210020
21016;210750
21016;210945
21016;211120
21016;211130
21017;210660
21017;210780
21017;211090
21017;211220
21018;210135
21018;210240
21018;210250
21018;210650
21018;210745
21018;210760
21018;210830
21018;211050
21018;211100
21018;211170
21018;211280
21019;210055
21019;210087
21019;210197
21019;210260
21019;210290
21019;210315
21019;210317
21019;210430
21019;210467
21019;210565
21019;210620
21019;210632
21019;210637
21019;210735
21019;210923
21019;211003
21019;211400
21013;211707
21000;210000
22001;220105
22001;220177
22001;220194
22001;220202
22001;220205
22001;220220
22001;220260
22001;220271
22001;220527
22001;220551
22001;220675
22001;220695
22001;220990
22001;221040
22001;221065
22002;220045
22002;220110
22002;220130
22002;220190
22002;220275
22002;220290
22002;220300
22002;220310
22002;220320
22002;220323
22002;220360
22002;220440
22002;220552
22002;220660
22002;220665
22002;220740
22002;220760
22002;220870
22002;220885
22002;220920
22002;220930
22002;220975
22002;221062
22003;220120
22003;220150
22003;220196
22003;220217
22003;220240
22003;220342
22003;220370
22003;220540
22003;220545
22003;220557
22003;220580
22003;220585
22003;220610
22003;220635
22003;220667
22003;220680
22003;220790
22003;220830
22003;220840
22003;220850
22003;220987
22003;220997
22003;221005
22004;220010
22004;220020
22004;220030
22004;220040
22004;220050
22004;220060
22004;220140
22004;220160
22004;220273
22004;220325
22004;220330
22004;220460
22004;220525
22004;220550
22004;220554
22004;220555
22004;220558
22004;220620
22004;220630
22004;220640
22004;220672
22004;220710
22004;220750
22004;220775
22004;220779
22004;220880
22004;220945
22004;220980
22004;221050
22004;221100
22004;221110
22005;220191
22005;220200
22005;220208
22005;220253
22005;220265
22005;220270
22005;220272
22005;220465
22005;220570
22005;220669
22005;220770
22006;220070
22006;220192
22006;220211
22006;220245
22006;220250
22006;220285
22006;220335
22006;220345
22006;220375
22006;220455
22006;220535
22006;220553
22006;220556
22006;220955
22006;221000
22006;221035
22006;221060
22006;221135
22007;220080
22007;220115
22007;220890
22007;221063
22007;221120
22008;220155
22008;220207
22008;220210
22008;220277
22008;220280
22008;220385
22008;220490
22008;220700
22008;220937
22008;220950
22008;220965
22008;220995
22008;221080
22008;221097
22009;220005
22009;220025
22009;220027
22009;220095
22009;220157
22009;220173
22009;220180
22009;220209
22009;220213
22009;220255
22009;220327
22009;220340
22009;220415
22009;220420
22009;220430
22009;220435
22009;220480
22009;220500
22009;220515
22009;220520
22009;220595
22009;220605
22009;220650
22009;220720
22009;220755
22009;220777
22009;220780
22009;220800
22009;220820
22009;220865
22009;220910
22009;220935
22009;220940
22009;220985
22009;221020
22009;221030
22009;221037
22009;221070
22009;221093
22009;221150
22009;221160
22009;221170
22010;220090
22010;220117
22010;220350
22010;220400
22010;220470
22010;220559
22010;220690
22010;220810
22010;220860
22010;220915
22010;220960
22010;221038
22010;221130
22010;221140
22011;220100
22011;220170
22011;220198
22011;220225
22011;220230
22011;220380
22011;220390
22011;220410
22011;220450
22011;220510
22011;220530
22011;220560
22011;220590
22011;220600
22011;220670
22011;220730
22011;220735
22011;220785
22011;220793
22011;220795
22011;220855
22011;220887
22011;220900
22011;220970
22011;221010
22011;221039
22011;221090
22011;221095
21000;219999
22000;220000
23001;230100
23001;230428
23001;230440
23001;230625
23002;230090
23002;230370
23002;230460
23002;230630
23002;231020
23002;231025
23002;231070
23002;231240
23002;231260
23002;231335
23003;230015
23003;230195
23003;230495
23003;230765
23003;230770
23003;230970
23003;231010
23003;231160
23004;230120
23004;230140
23004;230210
23004;230290
23004;230510
23004;230650
23004;230910
23004;230980
23005;230240
23005;230280
23005;230300
23005;230660
23005;230763
23005;231040
23006;230075
23006;230640
23006;230837
23006;231350
23006;231355
23006;231375
23006;231380
23007;230110
23007;230445
23007;230535
23007;230620
23008;230185
23008;230393
23008;230526
23008;230533
23008;230835
23008;231050
23008;231130
23008;231140
23008;231270
23008;231300
23009;230670
23009;230700
23009;230870
23009;231000
23009;231180
23010;230070
23010;230427
23010;230600
23010;230680
23010;230690
23010;230760
23010;231080
23010;231123
23010;231150
23010;231250
23010;231310
23011;230050
23011;230310
23011;230365
23011;230400
23011;230435
23011;230450
23011;230465
23011;230490
23011;230520
23011;230580
23011;230610
23011;230800
23011;230820
23011;230880
23011;230900
23011;230990
23011;231095
23011;231170
23011;231200
23011;231220
23011;231280
23011;231290
23011;231390
23011;231395
23012;230020
23012;230230
23012;230425
23012;230655
23012;230725
23012;230780
23012;230890
23013;230340
23013;230423
23013;230500
23013;230530
23013;231230
23013;231340
23013;231360
23013;231410
23014;230040
23014;230150
23014;231030
23014;231330
23015;230125
23015;230410
23015;230560
23015;230565
23015;230590
23015;230860
23015;230930
23015;230940
23015;231100
23015;231126
23015;231320
23016;230205
23016;230260
23016;230390
23016;230470
23016;230790
23017;230180
23017;230380
23017;230540
23017;230570
23017;230750
23017;230950
23017;231370
23018;230030
23018;230330
23018;230360
23018;230426
23018;230550
23018;230740
23018;230850
23018;231090
23018;231135
23018;231190
23019;230010
23019;230170
23019;230200
23019;230250
23019;230720
23019;230810
23019;230830
23019;231060
23019;231110
23020;230060
23020;230080
23020;230130
23020;230160
23020;230270
23020;230420
23020;230430
23020;230920
23020;231120
23020;231195
23020;231210
23020;231325
23020;231400
23021;230190
23021;230320
23021;230480
23021;230710
23021;230730
23021;230840
23022;230220
23022;230350
23022;230395
23022;230523
23022;230945
23022;230960
23022;231085
22000;229999
23000;230000
24001;240120
24001;240140
24001;240180
24001;240220
24001;240350
24001;240420
24001;240615
24001;240620
24001;240630
24001;240660
24001;240770
24001;240780
24001;240790
24001;240820
24001;240830
24001;240910
24001;240920
24001;240980
24001;241150
24001;241220
24001;241320
24001;241330
24001;241350
24001;241420
24001;241470
24001;241480
24001;241500
24002;240100
24002;240110
24002;240130
24002;240145
24002;240230
24002;240370
24002;240430
24002;240440
24002;240520
24002;240760
24002;240800
24002;241105
24002;241335
24002;241460
24003;240030
24003;240160
24003;240185
24003;240190
24003;240260
24003;240410
24003;240450
24003;240460
24003;240510
24003;240550
24003;240580
24003;240670
24003;240720
24003;240750
24003;240880
24003;240895
24003;240950
24003;240960
24003;240970
24003;241010
24003;241040
24003;241090
24003;241160
24003;241255
24003;241390
24003;241440
24004;240010
24004;240165
24004;240200
24004;240240
24004;240270
24004;240300
24004;240310
24004;240340
24004;240380
24004;240480
24004;240560
24004;240570
24004;240610
24004;240650
24004;240850
24004;240890
24004;241140
24004;241142
24004;241180
24004;241210
24004;241240
24004;241300
24004;241340
24004;241415
24004;241430
24005;240150
24005;240170
24005;240210
24005;240280
24005;240500
24005;240530
24005;240540
24005;240640
24005;240680
24005;240933
24005;241030
24005;241110
24005;241120
24005;241170
24005;241230
24005;241260
24005;241270
24005;241290
24005;241310
24005;241370
24005;241400
24006;240040
24006;240050
24006;240060
24006;240090
24006;240290
24006;240320
24006;240330
24006;240390
24006;240400
24006;240490
24006;240590
24006;240600
24006;240690
24006;240700
24006;240725
24006;240730
24006;240740
24006;240840
24006;240860
24006;240930
24006;240940
24006;241000
24006;241020
24006;241050
24006;241060
24006;241070
24006;241080
24006;241100
24006;241190
24006;241250
24006;241355
24006;241360
24006;241380
24006;241410
24006;241450
24006;241475
24006;241490
24007;240325
24007;240360
24007;240710
24007;240810
24007;241200
24008;240020
24008;240070
24008;240080
24008;240250
24008;240375
24008;240470
24008;240485
24008;240870
24008;240990
24008;241025
24008;241280
24008;241445
23000;239999
24000;240000
25001;250060
25001;250180
25001;250300
25001;250320
25001;250460
25001;250490
24000;249999
25001;250750
25001;250860
25001;250910
25001;251190
25001;251276
25001;251370
25001;251530
25001;251597
25001;257507
25002;250050
25002;250080
25002;250100
25002;250150
25002;250190
25002;250270
25002;250350
25002;250360
25002;250415
25002;250520
25002;250570
25002;250580
25002;250630
25002;250820
25002;250855
25002;250980
25002;251160
25002;251170
25002;251180
25002;251274
25002;251560
25002;251590
25002;251593
25002;251600
25002;251640
25003;250030
25003;250040
25003;250057
25002;250502
25003;250090
25003;250110
25003;250120
25003;250600
25003;250830
25003;250933
25003;250950
25003;251270
25003;251510
25004;250153
25004;250160
25004;250500
25004;250510
25004;250535
25004;250620
25004;251010
25004;251030
25004;251110
25004;251140
25004;251540
25004;251615
25005;250073
25005;250390
25005;250407
25005;250470
25005;250485
25005;250650
25005;250850
25005;250970
25005;251060
25005;251065
25005;251220
25005;251400
25005;251410
25005;251480
25005;251520
25005;251550
25005;251630
25005;251740
25006;250115
25006;250340
25006;250355
25006;250420
25006;250450
25006;250540
25006;250550
25006;250590
25006;250780
25006;250870
25006;250880
25006;250939
25006;251070
25006;251080
25006;251260
25006;251300
25006;251340
25006;251380
25006;251440
25006;251460
25006;251470
25006;251490
25006;251670
25006;251710
25007;250020
25007;250210
25007;250260
25007;250440
25007;250480
25007;250530
25007;250560
25007;250660
25007;250700
25007;251020
25007;251040
25007;251100
25007;251130
25007;251335
25007;251350
25007;251360
25007;251430
25007;251570
25008;250200
25008;250230
25008;250280
25008;250290
25008;250430
25008;250740
25008;250937
25008;251280
25008;251390
25008;251465
25009;250070
25009;250205
25009;250220
25009;250240
25009;250330
25009;250370
25009;250410
25009;250960
25009;251203
25009;251207
25009;251330
25009;251365
25009;251450
25009;251680
25009;251690
25010;250077
25010;250840
25010;250915
25010;251000
25010;251320
25010;251398
25010;251420
25010;251620
25010;251720
25011;250010
25011;250670
25011;250800
25011;250900
25011;251230
25011;251455
25011;251660
25012;250380
25012;250640
25012;250680
25012;250690
25012;250720
25012;250760
25012;250790
25012;250940
25012;251120
25012;251150
25012;251275
25012;251310
25012;251445
25012;251500
25013;250375
25013;250810
25013;251090
25013;251210
25013;251392
25013;251396
25014;250140
25014;250403
25014;250523
25014;250527
25014;250710
25014;250730
25014;250890
25014;250905
25014;250930
25014;251272
25014;251290
25015;250053
25015;250130
25015;250157
25015;250170
25015;250250
25015;250310
25015;250435
25015;250625
25015;250990
25015;251250
25015;251278
25015;251315
25015;251394
25015;251700
25016;250135
25016;250215
25003;250908
25016;250400
25016;250610
25016;250770
25016;250920
25016;251050
25016;251200
25016;251240
25016;251385
25016;251580
25016;251610
25016;251650
25016;251675
25016;254009
25000;250000
26001;260010
26001;260250
26001;260390
26001;260690
26001;260710
26001;260770
26001;261153
26001;261280
26001;261360
26001;261440
26001;261460
26001;261590
26002;260120
26002;260280
26002;260510
26002;260660
26002;260700
26002;260805
26002;260915
26002;261080
26002;261100
26002;261410
26002;261480
26002;261580
26002;261600
26003;260030
26003;260060
26003;260080
26003;260130
26003;260170
26003;260190
26003;260230
26003;260260
26003;260310
26003;260350
26003;260410
26003;260500
26003;260580
26003;260640
26003;260670
26003;260800
26003;260840
26003;261020
26003;261090
26003;261120
26003;261170
26003;261200
26003;261240
26003;261250
26003;261270
26003;261300
26003;261310
26003;261330
26003;261470
26003;261500
26003;261540
26003;261620
26004;260050
26004;260100
26004;260210
26004;260240
26004;260320
26004;260330
26004;260370
26004;260380
26004;260470
26004;260600
26004;260650
26004;260750
26004;260825
26004;260830
26004;260860
26004;260880
26004;261010
26004;261030
26004;261230
26004;261320
26004;261510
26005;260070
26005;260360
26005;260460
26005;260550
26005;260620
26005;260765
26005;260780
26005;260900
26005;261380
26005;261530
26006;260220
26006;260270
26006;260400
26006;260415
26006;260490
26006;260540
26006;260810
26006;260845
26006;260850
26006;260890
26006;260910
26006;260950
26006;260970
26006;261050
26006;261060
26006;261210
26006;261450
26006;261550
26006;261618
26006;261630
26007;260110
26007;260200
26007;260530
26007;260630
26007;260730
26007;260990
26007;261040
26007;261245
26007;261255
26007;261430
26007;261560
26008;260040
26008;260090
26008;260140
26008;260150
26008;260420
26008;260480
26008;260520
26008;260590
26008;260795
26008;260820
26008;260870
26008;260920
26008;261000
26008;261140
26008;261150
26008;261180
26008;261190
26008;261290
26008;261340
26008;261420
26008;261485
26008;261650
26009;260020
26009;260300
26009;260515
26009;260875
26009;260980
26009;261110
26009;261260
26010;260005
26010;260105
26010;260290
26010;260345
26010;260440
26010;260450
25000;259999
26010;260545
26010;260610
26010;260680
26010;260720
26010;260760
26010;260775
26010;260790
26010;260940
26010;260960
26010;261070
26010;261130
26010;261160
26010;261370
26010;261640
26011;260160
26011;260430
26011;260930
26011;261220
26011;261400
26011;261520
26011;261610
26012;260180
26012;260340
26012;260392
26012;260560
26012;260570
26012;260740
26012;261247
26012;261350
26012;261390
26012;261570
26000;260000
27001;270050
27001;270060
27001;270220
27001;270280
27001;270430
27001;270470
27001;270520
27001;270644
27001;270690
27001;270770
27001;270790
27001;270890
27002;270350
27002;270360
27002;270450
27002;270510
27002;270650
27002;270730
27002;270740
27002;270850
27002;270870
27003;270110
27003;270135
27003;270210
27003;270300
27003;270380
27003;270390
27003;270550
27003;270560
27003;270810
27003;270830
27003;270930
27004;270040
27004;270130
27004;270170
27004;270190
27004;270490
27004;270660
27004;270700
27004;270760
27004;270940
27005;270020
27005;270100
27005;270140
27005;270400
27005;270780
27005;270860
27005;270915
27006;270230
27006;270270
27006;270320
27006;270375
27006;270670
27006;270680
27006;270750
27006;270820
27007;270030
27007;270070
27007;270090
27007;270150
27007;270200
27007;270235
27007;270260
27007;270290
27007;270340
27007;270370
27007;270410
27007;270420
27007;270440
27007;270590
27007;270880
27007;270910
27007;270920
27008;270080
27008;270120
27008;270255
27008;270310
27008;270480
27008;270530
27008;270630
27008;270900
27009;270160
27009;270180
27009;270250
27009;270460
27009;270540
27009;270570
27009;270600
27009;270610
27009;270620
27009;270640
27009;270720
27009;270800
27009;270840
27009;270895
27010;270010
27010;270240
27010;270330
27010;270500
27010;270580
27010;270642
27010;270710
26000;269999
27000;270000
28001;280030
28001;280060
28001;280200
28001;280320
28001;280360
28001;280590
28001;280650
28001;280670
28002;280040
28002;280067
28002;280170
28002;280210
28002;280280
28002;280300
28002;280510
28002;280630
28002;280750
28002;280760
28003;280050
28003;280100
28003;280140
28003;280230
28003;280290
28003;280370
28003;280390
28003;280410
28003;280445
28003;280500
28003;280520
28003;280600
28003;280680
28003;280700
28004;280350
28004;280550
28004;280580
28004;280620
28004;280710
28004;280740
28005;280120
28005;280220
28005;280240
28005;280260
28005;280310
28005;280420
28005;280450
28005;280540
28005;280560
28006;280130
28006;280150
28006;280190
28006;280250
28006;280330
28006;280400
28006;280460
28006;280480
28006;280530
28006;280610
28006;280660
28006;280720
28007;280010
28007;280020
28007;280070
28007;280110
28007;280160
28007;280270
28007;280340
28007;280380
28007;280430
28007;280440
28007;280470
28007;280490
28007;280570
28007;280640
28007;280690
28007;280730
27000;279999
28000;280000
29001;290030
29001;290070
29001;290190
29001;290205
29001;290220
29001;290700
29001;290750
29001;290960
29001;291050
29001;291060
29001;291370
29001;291590
29001;291650
29001;291790
29001;292330
29001;292410
29001;292700
29001;292970
29002;290140
29002;290250
29002;290320
29002;290440
29002;290740
29002;290940
29002;290970
29002;291110
29002;291955
29002;292045
29002;292620
29002;292840
29002;292890
29002;293090
29002;293345
29003;290050
29003;290200
29003;290280
29003;290410
29003;290420
29003;290460
29003;290755
29003;290880
29003;291010
29003;291165
29003;291220
29003;291250
29003;291720
29003;291860
29003;291950
29003;291980
29003;292030
29003;292360
29003;292670
29003;292690
29003;293100
29004;290570
29004;290860
29004;291005
29004;292100
29004;292520
29004;293070
29005;290485
29005;290490
29005;290820
29005;290980
29005;291160
29005;292060
29005;292230
29005;292900
29005;292960
29006;290110
29006;290150
29006;290170
29006;290260
29006;290640
29006;290685
29006;290850
29006;290890
29006;291080
29006;291125
29006;291330
29006;291380
29006;291400
29006;291450
29006;292210
29006;292273
29006;292405
29006;292465
29006;292595
29006;292630
29006;292750
29006;292830
29006;292880
29006;292930
29006;293040
29006;293110
29006;293140
29006;293170
29007;290500
29007;290520
29007;290660
29007;290710
29007;291170
29007;291200
29007;291340
29007;291733
29007;291740
29007;291875
29007;291940
29007;292020
29007;292105
29007;292180
29007;292340
29007;292450
29007;292640
29007;292680
29007;293000
29007;293105
29007;293260
29008;290270
29008;290450
29008;290475
29008;291320
29008;291410
29008;292160
29008;292225
29008;292320
29008;292370
29009;290225
29009;290630
29009;291360
29009;291490
29009;292090
29009;292805
29009;293250
29009;293270
29010;290115
29010;290300
29010;290323
29010;290530
29010;290620
29010;290760
29010;291130
29010;291240
29010;291310
29010;291460
29010;291535
29010;291835
29010;291850
29010;291915
29010;292205
29010;292560
29010;292925
29010;293240
29010;293360
29011;290130
29011;290380
29011;290405
29011;291190
29011;291260
29011;291470
29011;291500
29011;291900
29011;291960
29011;292080
29011;292285
29011;292720
29011;293280
29011;293340
29012;290090
29012;290240
29012;290330
29012;290470
29012;290560
29012;290800
29012;291100
29012;291150
29012;291210
29012;291270
29012;291480
29012;291540
29012;291550
29012;291620
29012;291660
29012;291855
29012;292070
29012;292390
29012;292780
29012;292935
29012;293220
29012;293230
29013;290480
29013;291090
29013;291230
29013;291350
29013;291580
29013;291640
29013;291680
29013;291710
29013;291970
29013;292000
29013;292270
29013;292540
29014;290510
29014;290550
29014;290687
29014;291750
29014;292010
29014;292120
29014;292140
29014;292170
29014;292335
29014;292480
29014;292593
29014;292937
29014;292980
29014;293060
29014;293130
29014;293245
29014;293305
29014;293310
29014;293315
29015;290060
29015;290195
29015;290310
29015;290370
29015;290430
29015;290950
29015;291000
29015;291290
29015;291390
29015;291420
29015;291430
29015;291510
29015;291520
29015;291570
29015;291670
29015;291690
29015;291760
29015;291800
29015;291830
29015;291870
29015;291905
29015;292040
29015;292050
29015;292490
29015;292790
29016;290590
29016;290682
29016;290720
29016;290990
29016;291840
29016;292440
29016;292600
29016;293020
29016;293077
29016;293200
29017;290020
29017;290770
29017;291140
29017;291810
29017;291990
29017;292400
29017;292420
29017;292710
29017;292760
29018;290340
29018;291072
29018;291180
29018;291465
29018;291530
29018;291630
29018;292530
29018;292770
29019;290035
29019;290160
29019;290265
29019;290780
29019;290790
29019;290920
29019;291075
29019;291185
29019;292290
29019;292305
29019;292310
29019;292380
29019;292650
29019;292660
29019;293076
29020;290650
29020;291610
29020;291920
29020;291992
29020;292740
29020;292860
29020;292920
29020;292950
29020;292975
29020;293320
29021;290390
29021;290610
29021;290810
29021;290910
29021;290930
29021;291077
29021;291735
29021;292810
29021;292820
29021;292905
28000;289999
29021;293015
29021;293030
29021;293075
29022;290100
29022;290230
29022;290730
29022;290830
29022;291020
29022;291030
29022;291685
29022;291780
29022;291820
29022;291880
29022;292130
29022;292220
29022;292240
29022;292250
29022;292280
29022;292575
29022;292730
29022;292850
29022;292870
29022;292910
29022;292940
29022;293210
29022;293317
29023;290010
29023;290400
29023;291300
29023;291440
29023;291930
29023;292190
29023;292303
29023;292350
29023;292430
29023;292990
29023;293080
29024;290135
29024;290180
29024;290600
29024;291085
29024;291700
29024;291770
29024;292460
29024;292525
29024;293010
29025;290040
29025;290210
29025;290327
29025;290360
29025;290680
29025;290840
29025;291070
29025;291910
29025;292150
29025;292265
29025;292580
29025;292590
29025;292610
29025;292800
29025;292895
29025;293050
29025;293150
29025;293190
29025;293300
29026;290080
29026;290690
29026;291280
29026;291560
29026;291600
29026;291845
29026;291890
29026;292110
29026;292200
29026;292300
29026;292550
29026;293135
29026;293325
29027;290540
29027;290580
29027;291120
29027;291345
29027;291730
29027;292260
29027;292275
29027;292467
29027;293120
29027;293160
29027;293290
29027;293350
29028;290120
29028;290290
29028;290350
29028;290395
29028;290515
29028;290670
29028;290689
29028;290870
29028;290900
29028;291040
29028;291995
29028;292145
29028;292470
29028;292500
29028;292510
29028;292570
29028;292665
29028;293180
29028;293330
29021;293025
29000;290000
31001;310090
31001;310660
31001;312015
31001;312705
31001;313890
31001;314535
31001;314850
31001;315765
31001;317030
31002;310150
31002;312460
31002;315110
31002;316000
31002;317210
31003;310160
31003;310200
31003;310430
31003;310530
31003;310840
31003;311100
31003;311130
31003;311160
31003;311440
31003;311470
31003;311710
31003;312240
31003;312520
31003;313900
31003;314720
31003;315170
31003;316690
31004;310170
31004;310520
31004;312245
31004;312560
31004;313470
31004;313580
31004;313600
31004;313650
31004;314055
31004;314315
31004;314675
31004;315510
31004;315660
31004;315710
31004;315810
31004;316030
31005;310340
31005;310650
31005;311950
31005;312650
31005;313545
31005;317160
31006;310400
31006;311150
31006;312950
31006;314920
31006;314980
31006;315300
31006;315770
31006;316810
31007;310163
31007;310210
31007;310290
31007;310560
31007;311220
31007;311320
31007;311630
31007;312150
31007;312940
31007;314660
31007;315440
31007;315730
31007;315870
31007;315940
31007;316620
31008;310620
31008;310640
31008;311000
31008;313460
31008;313660
31008;314230
31008;314480
31008;315390
31008;315460
31008;315480
31008;315670
31008;315780
31008;316830
31009;310670
31009;310810
31009;310900
31009;312060
31009;312410
31009;312600
31009;313010
31009;313665
31009;314015
31009;314070
31009;315040
31009;315530
31009;316292
31010;310740
31010;312320
31010;312470
31010;313880
31010;314050
31010;314240
31010;316660
31011;310860
31011;311115
31011;312965
31011;313005
31011;313535
31011;313865
31011;313868
31011;314200
31011;314795
31011;315057
31011;316110
31011;316240
31011;316420
31011;317000
31011;317052
31011;317090
31012;311010
31012;311210
31012;311330
31012;312200
31012;312420
31012;312530
31012;312595
31012;314587
31012;314875
31012;314900
31012;316920
31013;310780
31013;311340
31013;312385
31013;313055
31013;313090
31013;315015
31013;315725
31013;315935
31013;316095
31013;316447
31013;317005
31013;317057
31013;317115
31014;311310
31014;311490
31014;311540
31014;311800
31014;311830
31014;312040
31014;312140
31014;312390
31014;313390
31014;313540
31014;313790
31014;314590
31014;315080
31014;315380
31014;315520
31014;315910
31014;316090
31014;316600
31015;311860
31015;312980
31015;316553
31016;311880
31016;313560
31016;313730
31016;316225
31016;316265
31017;310300
31017;311940
31017;312000
31017;312180
31017;313500
31017;314030
31017;315053
31017;316870
31018;310480
31018;310920
31018;311910
31018;312090
31018;312570
31018;313110
31018;314250
31018;314360
31018;315320
31018;316060
31018;316935
31019;310240
31019;311350
31019;311680
31019;311810
31019;312010
31019;312100
31019;312160
31019;312540
31019;312550
31019;312760
31019;313250
31019;315330
31019;316020
31019;316590
31019;316710
31020;310390
31020;310420
31020;311420
31020;311660
31020;312230
31020;313350
31020;313530
31020;313720
31020;314890
31020;314970
31020;316040
31020;316180
31020;316460
31021;310510
31021;311980
31021;311995
31021;312610
31021;313030
31021;314130
31021;314650
31021;315050
31021;316820
31022;310850
31022;311270
31022;312030
31022;312670
31022;312780
31022;313657
31023;311455
31023;311690
31023;312700
31023;312710
31023;313340
31023;313440
31023;313862
31023;315070
31023;315160
31023;316130
31023;317043
31024;310180
31024;311265
31024;311920
31024;312220
31024;312370
31024;312580
31024;312690
31024;312730
31024;312750
31024;312770
31024;313320
31024;313507
31024;314010
31024;314420
31024;315750
31024;316160
31024;316165
31024;316300
31024;316550
31024;316770
31024;316840
31024;316950
31024;317150
31024;317190
31025;311380
31025;312260
31025;312310
31025;312800
31025;314060
31025;315600
31025;315680
31025;316610
31025;316650
31025;317180
31026;310410
31026;310950
31026;312830
31026;312870
31026;313690
31026;314300
31026;314410
31026;314510
31026;316390
31027;310050
31027;310630
31027;310880
31027;310925
31027;312250
31027;312930
31027;313115
31027;313130
31027;313610
31027;314170
31027;314435
31027;314995
31027;315895
31027;316260
31028;310540
31028;310770
31028;311535
31028;312590
31028;313170
31028;313280
31028;314370
31028;314750
31028;315720
31028;315800
31028;316050
31028;316190
31028;316480
31029;310890
31029;311720
31029;311850
31029;312110
31029;312740
31029;313240
31029;313990
31029;314040
31029;314730
31029;314910
31029;315090
31029;315100
31029;316320
31029;316540
31029;317220
31030;311700
31030;313330
31030;313400
31030;314140
31030;315217
31031;313220
31031;313370
31031;313380
31031;315060
31032;310980
31032;311110
31032;311180
31032;311260
31032;311580
31032;312910
31032;313140
31032;313420
31032;315980
31033;311547
31033;312430
31033;312733
31033;313505
31033;313510
31033;313925
31033;314085
31033;314100
31033;314290
31033;314505
31033;314655
31033;315220
31033;315450
31033;316695
31033;317103
31034;310825
31034;311783
31034;313210
31034;313520
31034;314915
31035;310600
31035;313620
31035;314470
31035;315570
31035;316100
31036;310855
31036;313630
31036;313753
31037;310280
31037;310360
31037;310610
31037;310680
31037;310720
31037;310750
31037;311590
31037;311620
31037;311960
31037;312500
31037;312738
31037;313670
31037;313850
31037;313860
31037;314080
31037;314540
31037;314780
31037;314940
31037;315010
31037;315540
31037;315590
31037;315727
31037;315860
31037;315930
31037;316750
31038;311460
31038;313040
31038;313080
31038;313430
31038;313450
31038;313820
31038;313870
31038;314460
31038;314990
31038;315470
31039;310440
31039;310460
31039;311530
31039;312290
31039;313260
31039;313800
31039;313840
31039;314670
31039;315410
31039;315840
31040;313695
31040;313930
31040;314225
31040;314270
31040;316245
31041;310030
31041;310205
31041;311290
31041;311600
31041;311740
31041;312352
31041;313120
31041;313770
31041;313867
31041;313940
31041;313950
31041;314053
31041;314090
31041;314400
31041;315190
31041;315350
31041;315415
31041;315790
31041;315890
31041;316255
31041;316360
31041;316760
31041;316805
31042;311570
31042;312083
31042;312210
31042;313180
31042;313960
31042;314150
31042;314467
31042;316105
31042;316257
31043;310445
31043;311230
31043;311610
31043;313652
31043;313835
31043;314180
31043;316970
31043;317107
31044;310730
31044;311650
31044;312380
31044;312660
31044;312735
31044;312825
31044;313200
31044;313640
31044;313680
31044;314330
31044;314545
31045;310310
31045;310550
31045;312490
31045;314210
31045;314220
31045;314390
31045;314820
31045;315645
31045;316140
31045;316443
31045;317140
31046;311370
31046;314430
31046;316670
31047;313190
31047;314000
31047;314610
31048;311300
31048;311545
31048;313230
31048;314630
31049;311760
31049;313020
31049;313830
31049;314520
31049;314580
31049;314710
31049;315140
31049;316310
31050;310190
31050;310760
31050;311240
31050;311280
31050;311510
31050;311640
31050;312120
31050;312340
31050;312630
31050;312810
31050;312970
31050;313375
31050;314790
31050;315150
31050;316220
31050;316294
31050;316430
31050;317060
31051;310380
31051;311430
31051;312070
31051;312860
31051;312890
31051;313710
31051;313750
31051;314120
31051;314800
31051;315340
31051;315550
31051;315970
31051;316170
31051;316210
31051;316680
31051;316890
31051;317075
31051;317100
31052;310010
31052;311930
31052;312350
31052;312480
31052;312790
31052;313160
31052;314310
31052;314810
31052;315640
31053;310100
31053;310270
31053;312235
31053;314870
31054;310940
31054;312960
31054;313810
31054;315120
31054;315213
31054;315760
31054;317080
31055;310260
31055;311030
31055;312990
31055;315180
31055;315920
31056;310040
31056;310230
31056;310250
31056;310570
31056;312170
31056;312270
31056;312820
31056;313550
31056;314585
31056;315020
31056;315210
31056;315400
31056;315490
31056;315500
31056;315740
31056;316010
31056;316340
31056;316400
31056;316556
31056;316630
31056;317050
31057;310140
31057;310790
31057;310830
31057;310910
31057;310970
31057;311050
31057;311060
31057;311360
31057;311780
31057;311790
31057;311990
31057;312440
31057;312450
31057;312510
31057;312920
31057;313060
31057;313150
31057;313360
31057;313490
31057;314340
31057;314380
31057;314440
31057;314600
31057;315250
31057;315960
31057;316230
31057;316440
31057;316557
31057;316580
31057;316740
31057;316905
31057;316910
31057;316980
31058;310110
31058;310220
31058;311840
31058;312737
31058;313410
31058;315430
31058;315950
31059;310665
31059;312087
31059;312707
31059;313065
31059;314345
31059;314465
31059;314537
31059;314625
31059;315560
31059;315650
31059;315700
31059;315737
31059;316045
31059;316270
31059;316800
31059;317065
31060;310060
31060;311205
31060;312695
31060;313655
31060;314840
31060;314860
31060;315820
31060;316280
31060;316350
31060;316410
31060;316450
31061;310080
31061;310800
31061;311040
31061;311120
31061;311190
31061;311200
31061;311400
31061;311450
31061;312020
31061;314560
31061;314770
31061;315880
31061;315990
31061;316120
31062;310330
31062;314570
31062;316070
31063;310590
31063;311520
31063;311970
31063;312300
31063;313000
31063;313740
31063;313910
31063;314450
31063;315030
31063;315270
31063;315420
31063;315610
31063;315733
31063;316250
31063;316500
31063;316530
31063;316880
31064;310690
31064;312130
31064;312850
31064;313980
31064;314020
31064;314950
31064;315620
31064;316290
31064;316560
31065;310120
31065;310130
31065;310490
31065;311410
31065;311480
31065;311550
31065;311770
31065;312050
31065;312080
31065;312280
31065;313300
31065;313310
31065;313590
31065;313780
31065;314190
31065;314550
31065;314760
31065;315260
31065;316370
31065;316490
31065;316640
31065;316700
31065;316780
31065;317170
31066;313290
31066;313480
31066;314320
31066;315290
31066;316470
31066;316510
31067;310020
31067;310320
31067;310500
31067;310700
31067;310960
31067;310990
31067;311250
31067;311560
31067;311890
31067;312640
31067;312720
31067;313100
31067;313570
31067;313970
31067;314350
31067;314640
31067;314690
31067;314740
31067;314960
31067;315200
31067;315360
31067;315370
31067;315850
31067;316720
31068;310285
31068;310470
31068;311080
31068;312675
31068;312680
31068;313270
31068;313700
31068;313920
31068;314490
31068;314530
31068;314620
31068;315000
31068;315240
31068;316330
31068;316555
31068;316860
31069;311070
31069;311090
31069;311390
31069;316080
31069;316520
31069;316930
31070;310710
31070;311870
31070;313050
31070;315830
31070;316940
31071;310870
31071;311670
31071;312190
31071;312330
31071;312400
31071;312840
31071;312880
31071;312900
31071;314160
31071;315130
31071;315310
31071;315580
31071;315630
31071;316150
31071;316570
31071;316730
31071;316790
31071;316900
31071;316990
31071;317200
31072;310070
31072;311140
31072;311730
31072;311820
31072;312125
31072;315690
31072;317010
31072;317110
31073;310350
31073;310375
31073;311500
31073;313070
31073;314280
31073;314500
31073;315280
31073;316960
31073;317020
31074;310450
31074;310820
31074;310930
31074;310945
31074;311615
31074;312247
31074;312620
31074;314437
31074;314700
31074;315445
31074;317040
31074;317047
31075;311900
31075;312360
31075;314260
31075;316200
31075;317070
31076;311750
31076;311787
31076;313760
31076;314110
31076;314930
31076;315900
31076;316295
31076;317120
31077;310370
31077;311020
31077;311170
31077;314830
31077;314880
31077;315230
31077;316380
31077;316850
31077;317130
29000;299999
31000;310000
32001;320013
32001;320035
32001;320060
32001;320080
32001;320150
32001;320225
32001;320250
32001;320313
32001;320320
32001;320330
32001;320335
32001;320400
32001;320435
32001;320465
32001;320470
32001;320495
32001;320501
32001;320517
32002;320010
32002;320115
32002;320130
32002;320170
32002;320190
32002;320220
32002;320240
32002;320245
32002;320270
32002;320290
32002;320316
32002;320334
32002;320450
32002;320455
32002;320460
32002;320500
32002;320506
32002;320510
32002;320520
32002;320530
32003;320016
32003;320090
32003;320100
32003;320160
32003;320210
32003;320305
32003;320350
32003;320360
32003;320390
32003;320405
32003;320410
32003;320425
32003;320490
32003;320515
32004;320020
32004;320030
32004;320040
32004;320050
32004;320070
32004;320110
32004;320120
32004;320140
32004;320180
32004;320200
32004;320230
32004;320255
32004;320260
32004;320265
32004;320280
32004;320300
32004;320310
32004;320332
32004;320340
32004;320370
32004;320380
32004;320420
32004;320430
32004;320440
32004;320480
32004;320503
31000;319999
32000;320000
33001;330010
33001;330260
33001;330380
33002;330020
33002;330023
33002;330025
33002;330070
33002;330130
33002;330187
33002;330452
33002;330520
33002;330550
33003;330022
33003;330095
33003;330180
33003;330280
33003;330290
33003;330360
33003;330370
33003;330385
33003;330540
33003;330600
33003;330620
33004;330030
33004;330040
33004;330225
33004;330395
33004;330400
33004;330411
33004;330412
33004;330420
33004;330440
33004;330450
33004;330610
32000;329999
33004;330630
33005;330045
33005;330170
33005;330200
33005;330227
33005;330250
33005;330285
33005;330320
33005;330350
33005;330414
33004;336305
33005;330455
33005;330510
33005;330555
33006;330190
33006;330270
33006;330330
33006;330430
33006;330490
33006;330560
33006;330575
33007;330015
33007;330060
33007;330090
33007;330115
33007;330205
33007;330210
33007;330220
33007;330230
33007;330300
33007;330310
33007;330410
33007;330470
33007;330513
33007;330615
33008;330093
33008;330100
33008;330140
33008;330240
33008;330415
33008;330475
33008;330480
33008;330500
33009;330050
33009;330080
33009;330110
33009;330120
33009;330150
33009;330160
33009;330185
33009;330245
33009;330340
33009;330390
33009;330460
33009;330515
33009;330530
33009;330570
33009;330580
33009;330590
33005;334501
33005;334530
33000;330000
35001;350010
35001;351600
35001;352080
35001;352740
35001;352890
35001;353460
35001;353490
35001;354085
35001;354470
35001;354510
35002;352130
35002;353190
35002;353360
35002;353430
35002;354490
35002;354940
35003;350300
35003;350820
35003;351770
35003;352010
35003;352410
35003;352970
35004;351440
35004;351580
35004;352160
35004;352600
35004;353160
35004;353310
35004;353480
35004;353540
35004;353640
35004;354710
35004;354930
35004;355510
35005;350080
35005;350130
35005;350240
35005;350890
35005;351512
35005;351530
35005;352060
35005;352920
35005;353220
35005;353920
35005;354120
35005;354140
35005;354240
35005;354323
35005;354550
35005;354770
35005;354830
35005;355290
35005;355390
35006;351990
35006;352560
35006;353215
35006;354170
35006;354220
35007;350390
35007;350660
35007;351570
35007;351830
35007;351880
35007;352310
35007;353060
35007;353980
35007;354500
35007;354680
35007;355250
35008;350850
35008;352020
35008;352440
35008;352490
35008;353170
35008;353560
35008;354600
35008;354990
35009;351310
35009;351885
35009;352510
35009;352760
35009;354340
35009;354750
35009;354760
35009;355090
35009;355140
35009;355150
35010;350330
35010;351220
35010;352670
35010;353930
35010;354620
35011;350400
35011;350720
35011;351000
35011;351330
35011;351610
35011;351950
35011;352790
35011;352880
35011;353530
35011;353550
35011;353715
35011;353970
35011;355395
35012;352260
35012;353070
35012;353080
35012;355730
35013;350635
35013;351350
35013;351870
35013;352210
35013;353110
35013;353760
35013;354100
35013;354850
35013;355100
35014;350070
35014;350340
35014;350430
35014;350470
35014;350600
35014;350745
35014;350830
35014;351450
35014;351910
35014;352680
35014;352750
35014;352800
35014;353657
35014;353670
35014;353890
35014;353940
35014;354110
35014;354250
35017;350370
35017;351110
35017;351120
35017;351492
35017;351495
35017;351560
35017;352150
35017;352190
35017;352885
35017;353325
35017;353350
35017;353510
35017;353570
35017;353810
35017;353900
35017;354480
35017;354560
35017;355260
35017;355600
35018;350280
35018;350420
35018;350620
35018;350640
35018;351820
35018;351890
35018;353286
35018;353330
35018;354440
35018;354805
35018;355630
35019;350170
35019;350320
35019;350670
35019;351685
35019;353205
35019;354370
35019;354690
35019;355475
35020;350740
35020;351960
35020;352270
35020;353290
35020;355270
35021;350250
35021;350315
35021;350350
35021;350490
35021;350860
35021;350995
35021;351340
35021;351360
35021;351840
35021;352660
35021;352720
35021;353850
35021;354075
35021;354190
35021;354430
35021;354960
35021;355200
35022;350110
35022;350440
35022;350510
35022;350650
35022;350770
35022;350775
35022;350810
35022;351190
35022;351250
35022;351650
35022;351710
35022;352725
35022;352770
35022;353730
35022;353770
35022;354840
35022;355520
35023;351370
35023;351430
35023;351930
35023;354070
35023;354290
35023;354890
35024;350910
35024;352870
35024;353830
35024;354130
35024;354150
35025;351520
35025;351550
35025;351800
35025;352070
35025;352820
35025;352960
35025;353000
35025;353475
35025;353690
35025;354040
35025;354920
35025;354925
35025;355530
35026;350900
35026;350920
35026;351630
35026;351640
35026;352850
35027;351380
35027;352940
35027;354330
35027;354410
35027;354780
35027;354870
35027;354880
35028;350560
35028;351460
35028;351860
35028;352430
35028;353130
35028;353950
35028;354020
35028;354090
35028;355170
35029;350075
35029;350220
35029;350945
35029;351150
35029;351160
35029;351850
35029;352230
35029;354165
35029;355020
35029;355110
35029;355400
35030;350270
35030;350535
35030;350715
35030;350800
35030;351020
35030;351760
35030;352170
35030;352215
35030;352240
35030;352265
35030;352320
35030;353282
35030;354280
35030;354300
35030;354325
35030;354350
35030;355385
35031;350260
35031;350395
35031;351385
35031;351420
35031;352480
35031;352910
35031;352965
35031;353520
35031;353590
35031;354025
35031;354570
35031;354720
35031;354765
35031;354900
35031;355580
35031;355695
35032;350520
35032;350530
35032;350680
35032;350730
35032;350790
35032;351410
35032;352000
35032;352200
35032;352290
35032;352530
35032;352980
35032;355470
35033;350020
35033;352450
35033;352570
35033;352950
35033;353140
35033;353270
35033;353960
35033;353990
35033;355535
35033;355570
35033;355715
35035;350210
35035;351100
35035;351780
35035;352044
35035;352300
35035;352650
35035;353010
35035;353210
35035;353320
35035;353740
35035;355230
35035;355255
35036;351240
35036;351515
35036;352140
35036;352690
35037;350880
35037;351700
35037;351720
35037;352710
35037;354010
35037;354160
35037;354460
35037;355590
35038;351050
35038;352040
35038;355070
35038;355540
35039;351300
35039;351500
35039;351510
35039;352220
35039;352620
35039;354995
35039;355280
35039;355645
35040;350030
35040;350040
35040;351518
35040;354630
35040;354810
35040;354910
35040;355330
35040;355640
35041;350140
35041;350150
35041;350980
35041;351470
35041;351565
35041;351660
35041;351670
35041;351730
35041;351810
35041;352580
35041;352780
35041;352900
35041;353370
35041;353410
35041;353450
35041;354000
35041;354200
35041;355550
35041;355660
35042;350090
35042;350550
35042;350930
35042;351200
35042;351210
35042;351740
35042;351790
35042;352420
35042;353390
35042;355190
35043;351010
35043;351400
35043;352930
35043;354650
35043;355370
35045;350630
35045;351015
35045;351519
35045;352090
35045;353380
35045;353470
35045;354320
35045;354540
35045;354640
35045;355050
35045;355460
35045;355720
35046;350230
35046;350360
35046;350690
35046;350750
35046;351230
35046;352350
35046;352640
35046;353610
35046;353750
35046;354050
35046;354105
35046;355010
35046;355465
35047;350060
35047;351040
35047;351170
35047;351490
35047;353090
35047;353870
35047;354210
35047;354400
35047;354515
35047;354700
35047;355040
35048;351535
35048;353020
35048;354425
35048;355430
35049;350200
35049;351270
35049;352110
35049;352360
35049;354390
35049;354670
35050;350870
35050;351080
35050;351390
35050;352380
35050;353050
35050;354970
35050;355080
35050;355360
35051;350570
35051;351060
35051;352250
35051;352500
35051;353440
35051;353910
35051;354730
35052;353284
35052;354450
35052;354610
35052;354660
35052;354740
35052;355490
35053;350460
35053;350480
35053;351130
35053;351750
35053;351940
35053;351980
35053;352115
35053;353030
35053;353040
35053;353250
35053;353280
35053;353300
35053;353400
35053;353420
35053;353500
35053;353660
35053;354080
35053;354980
35053;355340
35053;355560
33000;339999
33000;330064
35054;355030
35055;350115
35055;350275
35055;350290
35055;350700
35055;351030
35055;351970
35055;352100
35055;352390
35055;352585
35055;352840
35055;353780
35055;353790
35055;354060
35055;354520
35055;354530
35055;355060
35055;355220
35055;355350
35055;355450
35055;355700
35056;350610
35056;353150
35056;355310
35056;355320
35056;355365
35056;355440
35056;355680
35056;355690
35057;351320
35057;351620
35057;352370
35057;352540
35057;353630
35057;353700
35057;354270
35057;354310
35057;354360
35057;354950
35058;350335
35058;350580
35058;351900
35058;351920
35058;353600
35058;354180
35058;354380
35058;355500
35059;350100
35059;350590
35059;350780
35059;350940
35059;351090
35059;354625
35059;354790
35060;350055
35060;350310
35060;350450
35060;350500
35060;351140
35060;351260
35060;351540
35060;351925
35060;352180
35060;352280
35060;352860
35060;353580
35060;353880
35060;355120
35060;355300
35060;355380
35060;355420
35061;350970
35061;352630
35061;353230
35061;353800
35061;354230
35061;354820
35061;354860
35061;355000
35061;355410
35061;355480
35062;350540
35062;350925
35062;350990
35062;351480
35062;352030
35062;352042
35062;352120
35062;352330
35062;352460
35062;352610
35062;352990
35062;353620
35062;353720
35062;354260
35062;355180
35063;350120
35063;350180
35063;351070
35063;351290
35063;351590
35063;351680
35063;351690
35063;352810
35063;352830
35063;353100
35063;353260
35063;353625
35063;354030
35063;354420
35063;355130
35063;355610
35063;355710
35064;350410
35064;350710
35064;350760
35064;352550
35064;353200
35064;353240
35064;353680
35064;353820
35064;353860
35064;355210
35064;355495
35064;355635
35065;350160
35065;350380
35065;350950
35065;351280
35065;351905
35065;351907
35065;352050
35065;352340
35065;352470
35065;353180
35065;353340
35065;353650
35065;353710
35065;354580
35065;354800
35065;355240
35065;355620
35065;355670
35066;350840
35066;350960
35066;352400
35066;352520
35066;352590
35066;352730
35066;355650
35067;350050
35067;350190
35067;352700
35067;353120
35067;355160
35054;358001
35054;358058
35000;350000
41001;410120
41001;410950
41001;410960
41001;411570
41001;411620
41001;411820
41001;411995
41002;410020
41002;410030
41002;410040
41002;410180
41002;410230
41002;410310
41002;410400
41002;410410
41002;410420
41002;410425
41002;410520
41002;410580
41002;410620
41002;410690
41002;410765
41002;411125
41002;411320
41002;411430
41002;411910
41002;411915
41002;411950
41002;412080
41002;412120
41002;412220
41002;412230
41002;412550
41002;412760
41002;412788
41002;412863
41003;410160
41003;410465
41003;410490
41003;411050
41003;411140
41003;411200
41003;411770
41003;411940
41003;411990
41003;412010
41003;412510
41003;412630
41004;410773
41004;410895
41004;411010
41004;411020
41004;411070
41004;411390
41004;412150
41004;412200
41004;412700
41005;410304
41005;410395
41005;410442
41005;410445
41005;410845
41005;410865
41005;410940
41005;411325
41005;411330
41005;411545
41005;411705
41005;411780
41005;411930
41005;411960
41005;412015
41005;412060
41005;412175
41005;412215
41005;412796
41005;412865
41006;410130
41006;410290
41006;410680
41006;410850
41006;411860
41006;411870
41006;412030
41006;412560
41006;412820
41007;410322
41007;410540
41007;410570
41007;410645
41007;410650
41007;410965
41007;411120
41007;411440
41007;411530
41007;411760
41007;411850
41007;412480
41007;412627
41007;412665
41007;412870
41008;410100
41008;410260
41008;410275
41008;410302
41008;410315
41008;410450
41008;410657
41008;410720
41008;410740
41008;410785
41008;410840
41008;411435
41008;411540
41008;411695
41008;411725
41008;411900
41008;411925
41008;411980
41008;412035
41008;412140
41008;412160
41008;412280
41008;412300
41008;412380
41008;412440
41008;412520
41008;412860
41009;410830
41009;411095
41009;411560
41009;411580
41009;411605
41009;412125
41009;412405
41009;412570
41009;412635
41010;410105
41010;410305
41010;410335
41010;410345
41010;410405
41010;410460
41010;410480
41010;410500
41010;410530
41010;410630
41010;410712
41010;410754
41010;410820
41010;410930
41010;410975
41010;411005
41010;411065
41010;411275
41010;411345
41010;411670
41010;412090
41010;412382
41010;412402
41010;412785
41010;412855
41011;410045
41011;410170
41011;410250
41011;410300
41011;410390
41011;410430
41011;410655
41011;410750
41011;410755
41011;410770
41011;410860
41011;411080
41011;411220
41011;411295
41011;411373
41011;411400
41011;411610
41011;411680
41011;411880
41011;412065
41011;412110
41011;412135
41011;412250
41011;412720
41011;412800
41012;410050
41012;410070
41012;410337
41012;410347
41012;410660
41012;410725
41012;410752
41012;410832
41012;410990
41012;411060
41012;411155
41012;411470
41012;411510
41012;411720
41012;411885
41012;411890
41012;412535
41012;412690
41012;412810
41012;412862
41012;412880
41013;410550
41013;410560
41013;410910
41013;411040
41013;411240
41013;411300
41013;412260
41013;412555
41013;412610
41013;412680
41013;412790
41014;410060
41014;410090
41014;410670
41014;410710
41014;410890
41014;411030
41014;411130
41014;411260
41014;411350
41014;411500
41014;411590
41014;411650
41014;411710
41014;411800
41014;411830
41014;411840
41014;411970
41014;412020
41014;412100
41014;412330
41014;412370
41014;412395
41014;412420
41014;412460
41014;412490
41014;412590
41014;412670
41014;412730
41015;410115
41015;410210
41015;410220
41015;410590
41015;410730
41015;410780
41015;410790
41015;410810
41015;411000
41015;411090
41015;411110
41015;411160
41015;411360
41015;411410
41015;411420
41015;411480
41015;411520
41015;411630
41015;411640
41015;411690
41015;411740
41015;411750
41015;411810
41015;412040
41015;412340
41015;412360
41015;412450
41015;412530
41015;412625
41015;412830
41016;410140
41016;410150
41016;410320
41016;410330
41016;410350
41016;410380
41016;410760
41016;410870
41016;411210
41016;411310
41016;411490
41016;411550
41016;411575
41016;411729
41016;412210
41016;412270
41016;412580
41017;410080
41017;410190
41017;410280
41017;410340
41017;410370
41017;410510
41017;410800
41017;410920
41017;410980
41017;411190
41017;411270
41017;411370
41017;411380
41017;411600
41017;411965
41017;412000
41017;412033
41017;412050
41017;412240
41017;412650
41017;412667
41018;410010
41018;410110
41018;410240
41018;410600
41018;410640
41018;411100
41018;411340
41018;411660
41018;411700
41018;411721
41018;412130
41018;412190
41018;412310
41018;412320
41018;412390
41018;412430
41018;412470
41018;412600
41018;412620
41018;412640
41018;412840
41019;410270
41019;410360
41019;410470
41019;410610
41019;410775
41019;410900
41019;410970
41019;411170
41019;411180
41019;411230
41019;411280
41019;411290
41019;411920
41019;412070
41019;412180
41019;412290
41019;412400
41019;412410
41019;412540
41019;412660
41019;412780
41019;412850
41020;410200
41020;410715
41020;410753
41020;410880
41020;411460
41020;411535
41020;411585
41020;411722
41020;411745
41020;411790
41020;411845
41020;412085
41020;412350
41020;412545
41020;412575
41020;412740
41020;412770
41020;412795
41021;410700
41021;411007
41021;411730
41021;412170
41021;412710
41021;412750
41021;412853
41022;410165
41022;410185
41022;410440
41022;410685
41022;410855
41022;411150
41022;411250
41022;411342
41022;411375
41022;411450
41022;411573
41022;411727
41022;412217
41022;412265
41022;412385
41022;412500
35000;359999
41000;410000
42001;420080
42001;420208
42001;420209
42001;420215
42001;420257
42001;420490
42001;420500
42001;420535
42001;420640
42001;420660
42001;420765
42001;420775
42001;420840
42001;421050
42001;421090
42001;421100
42001;421200
42001;421223
42001;421415
42001;421520
42001;421535
42001;421555
42001;421568
42001;421625
42001;421670
42001;421715
42001;421720
42001;421730
42001;421795
42001;421875
42002;420050
42002;420055
42002;420310
42002;420410
42002;420420
42002;420435
42002;420440
42002;420470
42002;420475
42002;420543
42002;420665
42002;420785
42002;420895
42002;421140
42002;421145
42002;421210
42002;421290
42002;421315
42002;421420
42002;421507
42002;421569
42002;421600
42002;421755
42002;421775
42002;421885
42003;420010
42003;420253
42003;420350
42003;420445
42003;420517
42003;420530
42003;420560
42003;420768
42003;420917
42003;420945
42003;421055
42003;421165
42003;421185
42003;421227
42003;421340
42003;421575
42003;421610
42003;421690
42003;421910
42003;421950
42003;421970
42004;420020
42004;420030
42004;420180
42004;420190
42004;420285
42004;420419
42004;420510
42004;420690
42004;420740
42004;420850
42004;420915
42004;420950
42004;420990
42004;421085
42004;421270
42004;421370
42004;421400
42004;421410
42004;421450
42004;421460
42004;421480
42004;421530
42004;421567
42004;421780
42004;421860
42004;421920
42004;421935
42004;421940
42005;420200
42005;420245
42005;420320
42005;420710
42005;420820
42005;420830
42005;421000
42005;421130
42005;421250
42005;421280
42005;421350
42006;420125
42006;420170
42006;420220
42006;420240
42006;420270
42006;420290
42006;420515
42006;420590
42006;420630
42006;420750
42006;421320
42006;421470
42006;421510
42006;421820
42007;420060
42007;420070
42007;420090
42007;420110
42007;420120
42007;420230
42007;420370
42007;420540
42007;420570
42007;420600
42007;420980
42007;421020
42007;421150
42007;421190
42007;421230
42007;421430
42007;421570
42007;421590
42007;421630
42007;421660
42007;421725
42007;421800
42008;420005
42008;420040
42008;420287
42008;420360
42008;420390
42008;420400
41000;419999
42008;420415
42008;420520
42008;420670
42008;420680
42008;420860
42008;420900
42008;420920
42008;421003
42008;421105
42008;421180
42008;421850
42008;421915
42008;421917
42008;421985
42009;420160
42009;420300
42009;420315
42009;420480
42009;420550
42009;420555
42009;420675
42009;420757
42009;420970
42009;421005
42009;421070
42009;421300
42009;421335
42009;421440
42009;421540
42009;421550
42009;421605
42009;421790
42009;421825
42009;421930
42010;420075
42010;420127
42010;420165
42010;420430
42010;420760
42010;420770
42010;420780
42010;420800
42010;420985
42010;421187
42010;421260
42010;421310
42010;421390
42010;421750
42010;421960
42011;420130
42011;420205
42011;420210
42011;420450
42011;420580
42011;420650
42011;420845
42011;420890
42011;420910
42011;421060
42011;421620
42011;421635
42011;421740
42012;420213
42012;420330
42012;420380
42012;420790
42012;420810
42012;421010
42012;421030
42012;421110
42012;421220
42012;421360
42012;421500
42012;421580
42012;421830
42013;420100
42013;420243
42013;420250
42013;420260
42013;420325
42013;420340
42013;420417
42013;420455
42013;420930
42013;421175
42013;421189
42013;421205
42013;421330
42013;421505
42013;421650
42013;421680
42013;421890
42013;421895
42014;420140
42014;420195
42014;420207
42014;420519
42014;420870
42014;421040
42014;421080
42014;421125
42014;421225
42014;421380
42014;421565
42014;421640
42014;421770
42014;421810
42014;421880
42015;420425
42015;420460
42015;420545
42015;420700
42015;420960
42015;421120
42015;421160
42015;421170
42015;421760
42015;421835
42015;421900
42015;422000
42016;420150
42016;420280
42016;420395
42016;420610
42016;420620
42016;420720
42016;420730
42016;420880
42016;420940
42016;421240
42016;421265
42016;421490
42016;421545
42016;421560
42016;421700
42016;421710
42016;421840
42016;421870
42008;420411
42000;420000
43001;430010
43001;430637
43001;430670
43001;430800
43001;430840
43001;431053
43001;431075
43001;431120
43001;431310
43001;431402
43001;431447
43001;431532
43001;431550
43001;431690
43001;431843
43001;431912
43001;431940
43001;431960
43001;432065
43001;432149
43001;432345
43002;430290
43002;430465
43002;431055
43002;431110
43002;431113
43002;431210
43002;431303
43002;431740
43002;431810
43002;431980
43002;432237
43003;430040
43003;430187
43003;431060
43003;431171
43003;431175
43003;431530
43003;431640
43003;431697
43003;431710
43003;431830
43003;432240
43004;430105
43004;430463
43004;430655
43004;431065
43004;431173
43004;431177
43004;431244
43004;432143
43004;432150
43004;432166
43004;432183
43004;432380
43005;430163
43005;430467
43005;430471
43005;430545
43005;431033
43005;431250
43005;431350
43005;431365
43005;431760
43005;432135
43005;432160
43006;430360
43006;431010
43006;431405
43006;431575
43006;431600
43006;431820
43006;432120
43006;432170
43007;430087
43007;430390
43007;430640
43007;430760
43007;431080
43007;431162
43007;431247
43007;431306
43007;431340
43007;431480
43007;431514
43007;431695
43007;431848
43007;431870
43007;431990
43008;430165
43008;430265
43008;430460
43008;430468
43008;430770
43008;430955
43008;431179
43008;431240
43008;431337
43008;431403
43008;431650
43008;431861
43008;431935
43008;431950
43008;432000
43008;432085
43008;432200
43008;432225
43009;430085
43009;430110
43009;430175
43009;430190
43009;430270
43009;430350
43009;430517
43009;430535
43009;430544
43009;430650
43009;430676
43009;430880
43009;430930
43009;431198
43009;431225
43009;431840
43009;432035
43009;432055
43009;432110
43010;430060
43010;430310
43010;430905
43010;430920
43010;431490
43010;432300
43011;430250
43011;430330
43011;430520
43011;430635
43011;430693
43011;430783
43011;430865
43011;430950
43011;431217
43011;431455
43011;431510
43011;431595
43011;431630
43011;431647
43011;431750
43011;431770
43011;431800
43011;431890
43011;431915
43011;431920
43011;431937
43011;432057
43011;432234
43011;432375
43012;430222
43012;430223
43012;430560
43012;430610
43012;430845
43012;431000
43012;431087
43012;431535
43012;431643
43012;431645
43012;431670
43012;432030
43012;432220
43013;430020
43013;430150
43013;430258
43013;430400
43013;430500
43013;430540
43013;430570
43013;430587
43013;430600
43013;430970
43013;431020
43013;431041
43013;431115
43013;431333
43013;431390
43013;431430
43013;431780
43013;431910
43013;431973
43013;432023
43014;430030
43014;430045
43014;430220
43014;430370
43014;430430
43014;430673
43014;430900
43014;430960
43014;431040
43014;431301
43014;431342
43014;431500
43014;431505
43014;431507
43014;431720
43014;431790
43014;431849
43014;431930
43014;432032
43014;432180
43014;432210
43014;432230
43015;430050
43015;430064
43015;430185
43015;430215
43015;430237
43015;430260
43015;430340
43015;430515
43015;430590
43015;430607
43015;430632
43015;430642
43015;430730
43015;430745
43015;430850
43015;431050
43015;431085
43015;431142
43015;431160
43015;431230
43015;431344
43015;431349
43015;431370
43015;431380
43015;431445
43015;431449
43015;431470
43015;431540
43015;431590
43015;431642
43015;431845
43015;431936
43015;432020
43015;432132
43015;432140
43015;432147
43015;432190
43015;432310
43015;432350
43015;432370
43016;430090
43016;430155
43016;430170
43016;430192
43016;430205
43016;430380
43016;430485
43016;430511
43016;430537
43016;430613
43016;430695
43016;430697
43016;430700
43016;430720
43016;430755
43016;430805
43016;430825
43016;430870
43016;430890
43016;431046
43016;431070
43016;431090
43016;431190
43016;431200
43016;431270
43016;431413
43016;431478
43016;431531
43016;431555
43016;431970
43016;432060
43016;432163
43016;432290
43017;430355
43017;430490
43017;430550
43017;430597
43017;430630
43017;430705
43017;430885
43017;431180
43017;431213
43017;431235
43017;431262
43017;431267
43017;431275
43017;431410
43017;431477
43017;431755
43017;431805
43017;432040
43017;432050
43017;432255
43017;432340
43018;430005
43018;430066
43018;430180
43018;430320
43018;430462
43018;430495
43018;430980
43018;430990
43018;431130
43018;431170
43018;431220
43018;431360
43018;431660
43018;431673
43018;431795
43018;431842
43018;431860
43018;432090
43018;432218
43018;432335
43019;430055
43019;430140
43019;430200
43019;430410
43019;430750
43019;430830
43019;430995
43019;431057
43019;431125
43019;431242
43019;432080
43019;432100
43019;432146
43019;432215
43020;430047
43020;430195
43020;430470
43020;430530
43020;430580
43020;430585
43020;430692
43020;430912
43020;431127
43020;431265
43020;431295
43020;431346
43020;431610
43020;431620
43020;431775
43020;432010
43020;432185
43020;432195
43020;432320
43021;430063
43021;430107
43021;430130
43021;430450
43021;430466
43021;430512
43021;430543
43021;430605
43021;430710
43021;431100
43021;431245
43021;431417
43021;431420
43021;431440
43021;431450
43021;431460
43021;431560
43021;431700
43021;431730
43021;431850
43021;431880
43021;432232
43022;430003
43022;430160
43022;430435
43022;430660
43022;430965
43022;431150
43023;430440
43023;430510
43023;430910
43023;431164
43023;431320
43023;431442
43024;430230
43024;430367
43024;430740
43024;431112
43024;431237
43024;431261
43024;431446
43024;431862
43024;432250
43025;430210
43025;430225
43025;430480
43025;430593
43025;430595
43025;430786
43025;430860
43025;430925
43025;430940
43025;431238
43025;431280
43025;431290
43025;431330
43025;431400
42000;429999
43025;431454
43025;431517
43025;431725
43025;431844
43025;432235
43025;432280
43025;432330
43025;432360
43026;430057
43026;430080
43026;430235
43026;430790
43026;430810
43026;430820
43026;431043
43026;431308
43026;431335
43026;431900
43026;431975
43026;432254
43027;430120
43027;430280
43027;430300
43027;430513
43027;430690
43027;430781
43027;430975
43027;431123
43027;431339
43027;431406
43027;432026
43027;432070
43028;430420
43028;430915
43028;430957
43028;431215
43028;431395
43028;431407
43028;431570
43028;431680
43028;432067
43028;432252
43028;432253
43028;432260
43028;432270
43029;430070
43029;430100
43029;430245
43029;430461
43029;430469
43029;430583
43029;430620
43029;430645
43029;430675
43029;430680
43029;430843
43029;431030
43029;431140
43029;431205
43029;431260
43029;431300
43029;431513
43029;431515
43029;431520
43029;431545
43029;431580
43029;431675
43029;431846
43029;431971
43029;432045
43029;432162
43029;432285
43030;430240
43030;430558
43030;430780
43030;430807
43030;431036
43030;431415
43030;431475
43030;432130
43030;432145
43030;432377
43025;430145
43025;431453
43000;430000
50001;500025
50001;500070
50001;500110
50001;500150
50001;500210
50001;500215
50001;500220
50001;500260
50001;500270
50001;500280
50001;500295
50001;500310
50001;500325
50001;500330
50001;500348
50001;500390
50001;500410
50001;500490
50001;500500
50001;500540
50001;500560
50001;500580
50001;500600
50001;500627
50001;500640
50001;500690
50001;500710
50001;500730
50001;500740
50001;500750
50001;500769
50001;500790
50001;500793
50001;500800
50002;500320
50002;500520
50003;500060
50003;500080
50003;500085
50003;500090
50003;500124
50003;500200
50003;500240
50003;500315
50003;500345
50003;500350
50003;500370
50003;500375
50003;500380
50003;500400
50003;500430
50003;500450
50003;500460
50003;500470
50003;500480
50003;500510
50003;500515
50003;500525
50003;500568
50003;500570
50003;500620
50003;500625
50003;500635
50003;500660
50003;500720
50003;500770
50003;500795
50003;500797
50003;500840
50004;500020
50004;500100
50004;500190
50004;500230
50004;500290
50004;500440
50004;500630
50004;500755
50004;500780
50004;500830
43000;439999
50000;500000
51001;510025
51001;510080
51001;510279
51001;510615
51001;510629
51001;510895
51002;510010
51002;510160
51002;510300
51002;510340
51002;510490
51002;510610
51002;510620
51002;510645
51002;510650
51002;510780
51002;510840
51003;510269
51003;510335
51003;510677
51003;510735
51003;510774
51003;510777
51003;510860
51004;510050
51004;510350
51004;510590
51004;510600
51004;510730
51004;510770
51004;510890
51005;510100
51005;510180
51005;510260
51005;510390
51005;510625
51005;510628
51005;510665
51005;510670
51005;510719
51005;510820
51006;510020
51006;510185
51006;510270
51006;510310
51006;510385
51006;510617
51006;510706
51006;510718
51007;510130
51007;510170
51007;510263
51007;510345
51007;510623
51007;510685
51007;510726
51007;510787
51007;510795
51007;510885
51008;510140
51008;510190
51008;510285
51008;510325
51008;510337
51008;510515
51008;510517
51009;510035
51009;510530
51009;510631
51009;510785
51009;510788
51010;510320
51010;510455
51010;510558
51010;510619
51010;510621
51010;510880
51011;510125
51011;510250
51011;510343
51011;510395
51011;510450
51011;510523
51011;510562
51011;510682
51011;510710
51011;510715
51011;510720
51011;510775
51012;510268
51012;510330
51012;510336
51012;510380
51012;510500
51012;510550
51012;510618
51012;510675
51012;510757
51012;510835
51013;510030
51013;510040
51013;510060
51013;510120
51013;510267
51013;510360
51013;510420
51013;510460
51013;510480
51013;510520
51013;510630
51013;510637
51013;510700
51013;510704
51013;510729
51013;510740
51013;510760
51013;510779
51013;510810
51014;510305
51014;510370
51014;510452
50000;509999
51014;510454
51014;510525
51014;510622
51014;510624
51014;510724
51014;510776
51014;510790
51014;510792
51014;510800
51014;510830
51014;510850
51015;510410
51015;510560
51015;510626
51015;510642
51015;510805
51016;510510
51016;510627
51016;510680
51016;510794
51014;510445
51000;510000
52001;520005
52001;520130
52001;520160
52001;520280
52001;520360
52001;520460
52001;520520
52001;520680
51000;519999
52001;520870
52001;520880
52001;520920
52001;521000
52001;521056
52001;521140
52001;521205
52001;521440
52001;521450
52001;521500
52001;521540
52001;521680
52001;521910
52001;521950
52001;521973
52001;521990
52001;522100
52001;522140
52002;520140
52002;520180
52002;520330
52002;520355
52002;520455
52002;520545
52002;520630
52002;520650
52002;520735
52002;520740
52002;520970
52002;520995
52002;521170
52002;521230
52002;521260
52002;521530
52002;521710
52002;521770
52002;521839
52002;522026
52002;522045
52002;522060
52002;522190
52002;522200
52002;522205
52003;520017
52003;520060
52003;520400
52003;520790
52003;520800
52003;521760
52003;522000
52003;522220
52004;520025
52004;520549
52004;520620
52004;521250
52004;521523
52004;521975
52004;522185
52005;520120
52005;520450
52005;520480
52005;520510
52005;520590
52005;520660
52005;520690
52005;520850
52005;521010
52005;521290
52005;521480
52005;521550
52005;521580
52005;521740
52005;521878
52005;521920
52005;522130
52005;522180
52006;520490
52006;520530
52006;520830
52006;521350
52006;522108
52007;520080
52007;520396
52007;520670
52007;520940
52007;520990
52007;521270
52007;521490
52007;521830
52007;521980
52007;522068
52007;522070
52008;520357
52008;520465
52008;520750
52008;520810
52008;521308
52008;521377
52008;521405
52008;521410
52008;521525
52008;521800
52008;521960
52008;522020
52008;522145
52009;520090
52009;520170
52009;520235
52009;520310
52009;520340
52009;520710
52009;520760
52009;521020
52009;521030
52009;521160
52009;521200
52009;521340
52009;521370
52009;521520
52009;521565
52009;521720
52010;520015
52010;520260
52010;520393
52010;520420
52010;520570
52010;520780
52010;521570
52010;521590
52010;521640
52010;521900
52010;522005
52010;522010
52010;522150
52011;520010
52011;520030
52011;520110
52011;520485
52011;520551
52011;520580
52011;520815
52011;520840
52011;521305
52011;521560
52011;521730
52011;522119
52012;520085
52012;520215
52012;520250
52012;520380
52012;520753
52012;520890
52012;520929
52012;520960
52012;521040
52012;521100
52012;521120
52012;521220
52012;521295
52012;521390
52012;521400
52012;521483
52012;521925
52013;520320
52013;520495
52013;520500
52013;520540
52013;520640
52013;520860
52013;520945
52013;521015
52013;521060
52013;521090
52013;521180
52013;521385
52013;521470
52013;521486
52013;521690
52013;521860
52013;521870
52013;521890
52013;521935
52013;521945
52013;521970
52013;522015
52013;522028
52013;522157
52013;522170
52013;522230
52014;520055
52014;520082
52014;520470
52014;520552
52014;520980
52014;521280
52014;521460
52014;521487
52014;522160
52015;520013
52015;520145
52015;520410
52015;520430
52015;520505
52015;521080
52015;521130
52015;521225
52015;521300
52015;521375
52015;521630
52015;521805
52015;521850
52015;521880
52015;521930
52015;521971
52015;522040
52015;522155
52016;520150
52016;520440
52016;520547
52016;520725
52016;521190
52016;521310
52016;521645
52016;521810
52016;521940
52016;522050
52017;520020
52017;520050
52017;520350
52017;520390
52017;520425
52017;520910
52017;520915
52017;520993
52017;521150
52017;521210
52017;521380
52017;521600
52001;528707
52000;520000
52000;529999
53001;530010
53001;530000
53001;530001
53001;530002
53001;530003
53001;530004
53001;530005
53001;530006
53001;530007
53001;530008
53001;530009
53001;530070
53001;530040
53001;530050
53001;530100
53001;530135
53001;530170
53001;530180
53001;530130
53001;530060
53001;530080
53001;530090
53001;530020
53001;530030
53001;530160
53001;530110
53001;530120
53001;530140
53001;530150
