From HS 2022	From HS 2007
010121	010110
010129	010190
010130	010190
010190	010190
010221	010210
010229	010290
010231	010210
010239	010290
010290	010290
010310	010310
010391	010391
010392	010392
010410	010410
010420	010420
010511	010511
010512	010512
010513	010519
010514	010519
010515	010519
010594	010594
010599	010599
010611	010611
010612	010612
010613	010619
010614	010619
010619	010619
010620	010620
010631	010631
010632	010632
010633	010639
010639	010639
010641	010690
010649	010690
010690	010690
020110	020110
020120	020120
020130	020130
020210	020210
020220	020220
020230	020230
020311	020311
020312	020312
020319	020319
020321	020321
020322	020322
020329	020329
020410	020410
020421	020421
020422	020422
020423	020423
020430	020430
020441	020441
020442	020442
020443	020443
020450	020450
020500	020500
020610	020610
020621	020621
020622	020622
020629	020629
020630	020630
020641	020641
020649	020649
020680	020680
020690	020690
020711	020711
020712	020712
020713	020713
020714	020714
020724	020724
020725	020725
020726	020726
020727	020727
020741	020732
020742	020733
020743	020734
020744	020735
020745	020736
020751	020732
020752	020733
020753	020734
020754	020735
020755	020736
020760	020736
020810	020810
020830	020830
020840	020840
020850	020850
020860	020890
020890	020890
020910	020900
020990	020900
021011	021011
021012	021012
021019	021019
021020	021020
021091	021091
021092	021092
021093	021093
021099	021099
030111	030110
030119	030110
030191	030191
030192	030192
030193	030193
030194	030194
030195	030195
030199	030199
030211	030211
030213	030212
030214	030212
030219	030219
030221	030221
030222	030222
030223	030223
030224	030229
030229	030229
030231	030231
030232	030232
030233	030233
030234	030234
030235	030235
030236	030236
030239	030239
030241	030240
030242	030269
030243	030261
030244	030264
030245	030269
030246	030269
030247	030267
030249	030269
030251	030250
030252	030262
030253	030263
030254	030269
030255	030269
030256	030269
030259	030269
030271	030269
030272	030269
030273	030269
030274	030266
030279	030269
030281	030265
030282	030269
030283	030268
030284	030269
030285	030269
030289	030269
030291	030270
030292	030265
030299	030212
030311	030311
030312	030319
030313	030322
030314	030321
030319	030329
030323	030379
030324	030379
030325	030379
030326	030376
030329	030379
030331	030331
030332	030332
030333	030333
030334	030339
030339	030339
030341	030341
030342	030342
030343	030343
030344	030344
030345	030345
030346	030346
030349	030349
030351	030351
030353	030371
030354	030374
030355	030379
030356	030379
030357	030361
030359	030379
030363	030352
030364	030372
030365	030373
030366	030378
030367	030379
030368	030379
030369	030379
030381	030375
030382	030379
030383	030362
030384	030377
030389	030379
030391	030380
030392	030375
030399	030379
030431	030419
030432	030419
030433	030419
030439	030419
030441	030419
030442	030419
030443	030419
030444	030419
030445	030411
030446	030412
030447	030419
030448	030419
030449	030419
030451	030419
030452	030419
030453	030419
030454	030411
030455	030412
030456	030419
030457	030419
030459	030419
030461	030429
030462	030429
030463	030429
030469	030429
030471	030429
030472	030429
030473	030429
030474	030429
030475	030429
030479	030429
030481	030429
030482	030429
030483	030429
030484	030421
030485	030422
030486	030429
030487	030429
030488	030429
030489	030429
030491	030491
030492	030492
030493	030499
030494	030499
030495	030499
030496	030499
030497	030499
030499	030499
030520	030520
030531	030530
030532	030530
030539	030530
030541	030541
030542	030542
030543	030549
030544	030549
030549	030549
030551	030551
030552	030559
030553	030559
030554	030559
030559	030559
030561	030561
030562	030562
030563	030563
030564	030569
030569	030569
030571	030559
030572	030551
030579	030551
030611	030611
030612	030612
030614	030614
030615	030619
030616	030613
030617	030613
030619	030619
030631	030621
030632	030622
030633	160510
030634	160540
030635	160520
030636	160520
030639	160540
030691	030621
030692	030622
030693	160510
030694	160540
030695	160520
030699	160540
030711	030710
030712	160590
030719	160590
030721	030721
030722	030799
030729	030729
030731	030731
030732	160590
030739	030739
030742	030741
030743	030799
030749	030749
030751	030751
030752	160590
030759	030759
030760	030760
030771	030791
030772	030799
030779	030799
030781	030791
030782	030791
030783	030799
030784	030799
030787	030799
030788	030799
030791	030791
030792	030799
030799	030799
030811	030791
030812	160590
030819	160590
030821	030791
030822	160590
030829	160590
030830	160590
030890	160590
030910	030510
030990	160590
040110	040110
040120	040120
040140	040130
040150	040130
040210	040210
040221	040221
040229	040229
040291	040291
040299	040299
040320	040310
040390	040390
040410	040410
040490	040490
040510	040510
040520	040520
040590	040590
040610	040610
040620	040620
040630	040630
040640	040640
040690	040690
040711	040700
040719	040700
040721	040700
040729	040700
040790	040700
040811	040811
040819	040819
040891	040891
040899	040899
040900	040900
041010	041000
041090	041000
050100	050100
050210	050210
050290	050290
050400	050400
050510	050510
050590	050590
050610	050610
050690	050690
050710	050710
050790	050790
050800	050800
051000	051000
051110	051110
051191	051191
051199	051199
060110	060110
060120	060120
060210	060210
060220	060220
060230	060230
060240	060240
060290	060290
060311	060311
060312	060312
060313	060313
060314	060314
060315	060319
060319	060319
060390	060390
060420	060491
060490	060499
070110	070110
070190	070190
070200	070200
070310	070310
070320	070320
070390	070390
070410	070410
070420	070420
070490	070490
070511	070511
070519	070519
070521	070521
070529	070529
070610	070610
070690	070690
070700	070700
070810	070810
070820	070820
070890	070890
070920	070920
070930	070930
070940	070940
070951	070951
070952	070959
070953	070959
070954	070959
070955	070959
070956	070959
070959	070959
070960	070960
070970	070970
070991	070990
070992	070990
070993	070990
070999	070990
071010	071010
071021	071021
071022	071022
071029	071029
071030	071030
071040	071040
071080	071080
071090	071090
071120	071120
071140	071140
071151	071151
071159	071159
071190	071190
071220	071220
071231	071231
071232	071232
071233	071233
071234	071239
071239	071239
071290	071290
071310	071310
071320	071320
071331	071331
071332	071332
071333	071333
071334	071339
071335	071339
071339	071339
071340	071340
071350	071350
071360	071390
071390	071390
071410	071410
071420	071420
071430	071490
071440	071490
071450	071490
071490	071490
080111	080111
080112	080119
080119	080119
080121	080121
080122	080122
080131	080131
080132	080132
080211	080211
080212	080212
080221	080221
080222	080222
080231	080231
080232	080232
080241	080240
080242	080240
080251	080250
080252	080250
080261	080260
080262	080260
080270	080290
080280	080290
080291	080290
080292	080290
080299	080290
080310	080300
080390	080300
080410	080410
080420	080420
080430	080430
080440	080440
080450	080450
080510	080510
080521	080520
080522	080520
080529	080520
080540	080540
080550	080550
080590	080590
080610	080610
080620	080620
080711	080711
080719	080719
080720	080720
080810	080810
080830	080820
080840	080820
080910	080910
080921	080920
080929	080920
080930	080930
080940	080940
081010	081010
081020	081020
081030	081090
081040	081040
081050	081050
081060	081060
081070	081090
081090	081090
081110	081110
081120	081120
081190	081190
081210	081210
081290	081290
081310	081310
081320	081320
081330	081330
081340	081340
081350	081350
081400	081400
090111	090111
090112	090112
090121	090121
090122	090122
090190	090190
090210	090210
090220	090220
090230	090230
090240	090240
090300	090300
090411	090411
090412	090412
090421	090420
090422	090420
090510	090500
090520	090500
090611	090611
090619	090619
090620	090620
090710	090700
090720	090700
090811	090810
090812	090810
090821	090820
090822	090820
090831	090830
090832	090830
090921	090920
090922	090920
090931	090930
090932	090930
090961	090910
090962	090910
091011	091010
091012	091010
091020	091020
091030	091030
091091	091091
091099	091099
100111	100110
100119	100110
100191	100190
100199	100190
100210	100200
100290	100200
100310	100300
100390	100300
100410	100400
100490	100400
100510	100510
100590	100590
100610	100610
100620	100620
100630	100630
100640	100640
100710	100700
100790	100700
100810	100810
100821	100820
100829	100820
100830	100830
100840	100890
100850	100890
100860	100890
100890	100890
110100	110100
110220	110220
110290	110290
110311	110311
110313	110313
110319	110319
110320	110320
110412	110412
110419	110419
110422	110422
110423	110423
110429	110429
110430	110430
110510	110510
110520	110520
110610	110610
110620	110620
110630	110630
110710	110710
110720	110720
110811	110811
110812	110812
110813	110813
110814	110814
110819	110819
110820	110820
110900	110900
120110	120100
120190	120100
120230	120220
120241	120210
120242	120220
120300	120300
120400	120400
120510	120510
120590	120590
120600	120600
120710	120799
120721	120720
120729	120720
120730	120799
120740	120740
120750	120750
120760	120799
120770	120799
120791	120791
120799	120799
120810	120810
120890	120890
120910	120910
120921	120921
120922	120922
120923	120923
120924	120924
120925	120925
120929	120929
120930	120930
120991	120991
120999	120999
121010	121010
121020	121020
121120	121120
121130	121130
121140	121140
121150	121190
121160	121190
121190	121190
121221	121220
121229	121220
121291	121291
121292	121299
121293	121299
121294	121299
121299	121299
121300	121300
121410	121410
121490	121490
130120	130120
130190	130190
130211	130211
130212	130212
130213	130213
130214	130219
130219	130219
130220	130220
130231	130231
130232	130232
130239	130239
140110	140110
140120	140120
140190	140190
140420	140420
140490	140490
150110	150100
150120	150100
150190	150100
150210	150200
150290	150200
150300	150300
150410	150410
150420	150420
150430	150430
150500	150500
150600	150600
150710	150710
150790	150790
150810	150810
150890	150890
150920	150910
150930	150910
150940	150910
150990	150990
151010	151000
151090	151000
151110	151110
151190	151190
151211	151211
151219	151219
151221	151221
151229	151229
151311	151311
151319	151319
151321	151321
151329	151329
151411	151411
151419	151419
151491	151491
151499	151499
151511	151511
151519	151519
151521	151521
151529	151529
151530	151530
151550	151550
151560	151590
151590	151590
151610	151610
151620	151620
151630	151620
151710	151710
151790	151790
151800	151800
152000	152000
152110	152110
152190	152190
152200	152200
160100	160100
160210	160210
160220	160220
160231	160231
160232	160232
160239	160239
160241	160241
160242	160242
160249	160249
160250	160250
160290	160290
160300	160300
160411	160411
160412	160412
160413	160413
160414	160414
160415	160415
160416	160416
160417	160419
160418	160419
160419	160419
160420	160420
160431	160430
160432	160430
160510	160510
160521	160520
160529	160520
160530	160530
160540	160540
160551	160590
160552	160590
160553	160590
160554	160590
160555	160590
160556	160590
160557	160590
160558	160590
160559	160590
160561	160590
160562	160590
160563	160590
160569	160590
170112	170112
170113	170111
170114	170111
170191	170191
170199	170199
170211	170211
170219	170219
170220	170220
170230	170230
170240	170240
170250	170250
170260	170260
170290	170290
170310	170310
170390	170390
170410	170410
170490	170490
180100	180100
180200	180200
180310	180310
180320	180320
180400	180400
180500	180500
180610	180610
180620	180620
180631	180631
180632	180632
180690	180690
190110	190110
190120	190120
190190	190190
190211	190211
190219	190219
190220	190220
190230	190230
190240	190240
190300	190300
190410	190410
190420	190420
190430	190430
190490	190490
190510	190510
190520	190520
190531	190531
190532	190532
190540	190540
190590	190590
200110	200110
200190	200190
200210	200210
200290	200290
200310	200310
200390	200390
200410	200410
200490	200490
200510	200510
200520	200520
200540	200540
200551	200551
200559	200559
200560	200560
200570	200570
200580	200580
200591	200591
200599	200599
200600	200600
200710	200710
200791	200791
200799	200799
200811	200811
200819	200819
200820	200820
200830	200830
200840	200840
200850	200850
200860	200860
200870	200870
200880	200880
200891	200891
200893	200899
200897	200892
200899	200899
200911	200911
200912	200912
200919	200919
200921	200921
200929	200929
200931	200931
200939	200939
200941	200941
200949	200949
200950	200950
200961	200961
200969	200969
200971	200971
200979	200979
200981	200980
200989	200980
200990	200990
210111	210111
210112	210112
210120	210120
210130	210130
210210	210210
210220	210220
210230	210230
210310	210310
210320	210320
210330	210330
210390	210390
210410	210410
210420	210420
210500	210500
210610	210610
210690	210690
220110	220110
220190	220190
220210	220210
220291	220290
220299	220290
220300	220300
220410	220410
220421	220421
220422	220429
220429	220429
220430	220430
220510	220510
220590	220590
220600	220600
220710	220710
220720	220720
220820	220820
220830	220830
220840	220840
220850	220850
220860	220860
220870	220870
220890	220890
220900	220900
230110	230110
230120	230120
230210	230210
230230	230230
230240	230240
230250	230250
230310	230310
230320	230320
230330	230330
230400	230400
230500	230500
230610	230610
230620	230620
230630	230630
230641	230641
230649	230649
230650	230650
230660	230660
230690	230690
230700	230700
230800	230800
230910	230910
230990	230990
240110	240110
240120	240120
240130	240130
240210	240210
240220	240220
240290	240290
240311	240310
240319	240310
240391	240391
240399	240399
240411	240391
240412	382490
240419	240399
240491	210690
240492	382490
240499	382490
250100	250100
250200	250200
250300	250300
250410	250410
250490	250490
250510	250510
250590	250590
250610	250610
250620	250620
250700	250700
250810	250810
250830	250830
250840	250840
250850	250850
250860	250860
250870	250870
250900	250900
251010	251010
251020	251020
251110	251110
251120	251120
251200	251200
251310	251310
251320	251320
251400	251400
251511	251511
251512	251512
251520	251520
251611	251611
251612	251612
251620	251620
251690	251690
251710	251710
251720	251720
251730	251730
251741	251741
251749	251749
251810	251810
251820	251820
251910	251910
251990	251990
252010	252010
252020	252020
252100	252100
252210	252210
252220	252220
252230	252230
252310	252310
252321	252321
252329	252329
252330	252330
252390	252390
252410	252410
252490	252490
252510	252510
252520	252520
252530	252530
252610	252610
252620	252620
252800	252890
252910	252910
252921	252921
252922	252922
252930	252930
253010	253010
253020	253020
253090	253090
260111	260111
260112	260112
260120	260120
260200	260200
260300	260300
260400	260400
260500	260500
260600	260600
260700	260700
260800	260800
260900	260900
261000	261000
261100	261100
261210	261210
261220	261220
261310	261310
261390	261390
261400	261400
261510	261510
261590	261590
261610	261610
261690	261690
261710	261710
261790	261790
261800	261800
261900	261900
262011	262011
262019	262019
262021	262021
262029	262029
262030	262030
262040	262040
262060	262060
262091	262091
262099	262099
262110	262110
262190	262190
270111	270111
270112	270112
270119	270119
270120	270120
270210	270210
270220	270220
270300	270300
270400	270400
270500	270500
270600	270600
270710	270710
270720	270720
270730	270730
270740	270740
270750	270750
270791	270791
270799	270799
270810	270810
270820	270820
270900	270900
271012	271011
271019	271019
271020	271019
271091	271091
271099	271099
271111	271111
271112	271112
271113	271113
271114	271114
271119	271119
271121	271121
271129	271129
271210	271210
271220	271220
271290	271290
271311	271311
271312	271312
271320	271320
271390	271390
271410	271410
271490	271490
271500	271500
271600	271600
280110	280110
280120	280120
280130	280130
280200	280200
280300	280300
280410	280410
280421	280421
280429	280429
280430	280430
280440	280440
280450	280450
280461	280461
280469	280469
280470	280470
280480	280480
280490	280490
280511	280511
280512	280512
280519	280519
280530	280530
280540	280540
280610	280610
280620	280620
280700	280700
280800	280800
280910	280910
280920	280920
281000	281000
281111	281111
281112	281119
281119	281119
281121	281121
281122	281122
281129	281129
281211	281210
281212	281210
281213	281210
281214	281210
281215	281210
281216	281210
281217	281210
281219	281210
281290	281290
281310	281310
281390	281390
281410	281410
281420	281420
281511	281511
281512	281512
281520	281520
281530	281530
281610	281610
281640	281640
281700	281700
281810	281810
281820	281820
281830	281830
281910	281910
281990	281990
282010	282010
282090	282090
282110	282110
282120	282120
282200	282200
282300	282300
282410	282410
282490	282490
282510	282510
282520	282520
282530	282530
282540	282540
282550	282550
282560	282560
282570	282570
282580	282580
282590	282590
282612	282612
282619	282619
282630	282630
282690	282690
282710	282710
282720	282720
282731	282731
282732	282732
282735	282735
282739	282739
282741	282741
282749	282749
282751	282751
282759	282759
282760	282760
282810	282810
282890	282890
282911	282911
282919	282919
282990	282990
283010	283010
283090	283090
283110	283110
283190	283190
283210	283210
283220	283220
283230	283230
283311	283311
283319	283319
283321	283321
283322	283322
283324	283324
283325	283325
283327	283327
283329	283329
283330	283330
283340	283340
283410	283410
283421	283421
283429	283429
283510	283510
283522	283522
283524	283524
283525	283525
283526	283526
283529	283529
283531	283531
283539	283539
283620	283620
283630	283630
283640	283640
283650	283650
283660	283660
283691	283691
283692	283692
283699	283699
283711	283711
283719	283719
283720	283720
283911	283911
283919	283919
283990	283990
284011	284011
284019	284019
284020	284020
284030	284030
284130	284130
284150	284150
284161	284161
284169	284169
284170	284170
284180	284180
284190	284190
284210	284210
284290	284290
284310	284310
284321	284321
284329	284329
284330	284330
284390	284390
284410	284410
284420	284420
284430	284430
284441	284440
284442	284440
284443	284440
284444	284440
284450	284450
284510	284510
284520	284590
284530	284590
284540	284590
284590	284590
284610	284610
284690	284690
284700	284700
284910	284910
284920	284920
284990	284990
285000	285000
285210	285200
285290	382490
285310	285300
285390	284800
290110	290110
290121	290121
290122	290122
290123	290123
290124	290124
290129	290129
290211	290211
290219	290219
290220	290220
290230	290230
290241	290241
290242	290242
290243	290243
290244	290244
290250	290250
290260	290260
290270	290270
290290	290290
290311	290311
290312	290312
290313	290313
290314	290314
290315	290315
290319	290319
290321	290321
290322	290322
290323	290323
290329	290329
290341	290339
290342	290339
290343	290339
290344	290339
290345	290339
290346	290339
290347	290339
290348	290339
290349	290339
290351	290339
290359	290339
290361	290339
290362	290331
290369	290339
290371	290349
290372	290349
290373	290349
290374	290349
290375	290349
290376	290346
290377	290345
290378	290347
290379	290349
290381	290351
290382	290352
290383	290359
290389	290359
290391	290361
290392	290362
290393	290369
290394	290369
290399	290369
290410	290410
290420	290420
290431	290490
290432	290490
290433	290490
290434	290490
290435	290490
290436	290490
290491	290490
290499	290490
290511	290511
290512	290512
290513	290513
290514	290514
290516	290516
290517	290517
290519	290519
290522	290522
290529	290529
290531	290531
290532	290532
290539	290539
290541	290541
290542	290542
290543	290543
290544	290544
290545	290545
290549	290549
290551	290551
290559	290559
290611	290611
290612	290612
290613	290613
290619	290619
290621	290621
290629	290629
290711	290711
290712	290712
290713	290713
290715	290715
290719	290719
290721	290721
290722	290722
290723	290723
290729	290729
290811	290811
290819	290819
290891	290891
290892	290899
290899	290899
290911	290911
290919	290919
290920	290920
290930	290930
290941	290941
290943	290943
290944	290944
290949	290949
290950	290950
290960	290960
291010	291010
291020	291020
291030	291030
291040	291040
291050	291090
291090	291090
291100	291100
291211	291211
291212	291212
291219	291219
291221	291221
291229	291229
291241	291241
291242	291242
291249	291249
291250	291250
291260	291260
291300	291300
291411	291411
291412	291412
291413	291413
291419	291419
291422	291422
291423	291423
291429	291429
291431	291431
291439	291439
291440	291440
291450	291450
291461	291461
291462	291469
291469	291469
291471	291470
291479	291470
291511	291511
291512	291512
291513	291513
291521	291521
291524	291524
291529	291529
291531	291531
291532	291532
291533	291533
291536	291536
291539	291539
291540	291540
291550	291550
291560	291560
291570	291570
291590	291590
291611	291611
291612	291612
291613	291613
291614	291614
291615	291615
291616	291636
291619	291619
291620	291620
291631	291631
291632	291632
291634	291634
291639	291639
291711	291711
291712	291712
291713	291713
291714	291714
291719	291719
291720	291720
291732	291732
291733	291733
291734	291734
291735	291735
291736	291736
291737	291737
291739	291739
291811	291811
291812	291812
291813	291813
291814	291814
291815	291815
291816	291816
291817	291819
291818	291818
291819	291819
291821	291821
291822	291822
291823	291823
291829	291829
291830	291830
291891	291891
291899	291899
291910	291910
291990	291990
292011	292011
292019	292019
292021	292090
292022	292090
292023	292090
292024	292090
292029	292090
292030	292090
292090	292090
292111	292111
292112	292119
292113	292119
292114	292119
292119	292119
292121	292121
292122	292122
292129	292129
292130	292130
292141	292141
292142	292142
292143	292143
292144	292144
292145	292145
292146	292146
292149	292149
292151	292151
292159	292159
292211	292211
292212	292212
292214	292214
292215	292213
292216	292219
292217	292219
292218	292219
292219	292219
292221	292221
292229	292229
292231	292231
292239	292239
292241	292241
292242	292242
292243	292243
292244	292244
292249	292249
292250	292250
292310	292310
292320	292320
292330	292390
292340	292390
292390	292390
292411	292411
292412	292412
292419	292419
292421	292421
292423	292423
292424	292424
292425	292429
292429	292429
292511	292511
292512	292512
292519	292519
292521	292521
292529	292529
292610	292610
292620	292620
292630	292630
292640	292690
292690	292690
292700	292700
292800	292800
292910	292910
292990	292990
293010	293090
293020	293020
293030	293030
293040	293040
293060	293090
293070	293090
293080	293050
293090	293090
293110	293100
293120	293100
293141	293100
293142	293100
293143	293100
293144	293100
293145	293100
293146	293100
293147	293100
293148	293100
293149	293100
293151	293100
293152	293100
293153	293100
293154	293100
293159	293100
293190	293100
293211	293211
293212	293212
293213	293213
293214	293219
293219	293219
293220	293229
293291	293291
293292	293292
293293	293293
293294	293294
293295	293295
293296	293299
293299	293299
293311	293311
293319	293319
293321	293321
293329	293329
293331	293331
293332	293332
293333	293333
293334	293339
293335	293339
293336	293339
293337	293339
293339	293339
293341	293341
293349	293349
293352	293352
293353	293353
293354	293354
293355	293355
293359	293359
293361	293361
293369	293369
293371	293371
293372	293372
293379	293379
293391	293391
293392	293399
293399	293399
293410	293410
293420	293420
293430	293430
293491	293491
293492	293499
293499	293499
293510	293500
293520	293500
293530	293500
293540	293500
293550	293500
293590	293500
293621	293621
293622	293622
293623	293623
293624	293624
293625	293625
293626	293626
293627	293627
293628	293628
293629	293629
293690	293690
293711	293711
293712	293712
293719	293719
293721	293721
293722	293722
293723	293723
293729	293729
293750	293750
293790	293790
293810	293810
293890	293890
293911	293911
293919	293919
293920	293920
293930	293930
293941	293941
293942	293942
293943	293943
293944	293949
293945	293991
293949	293949
293951	293951
293959	293959
293961	293961
293962	293962
293963	293963
293969	293969
293972	293991
293979	293999
293980	293359
294000	294000
294110	294110
294120	294120
294130	294130
294140	294140
294150	294150
294190	294190
294200	294200
300120	300120
300190	300190
300212	300290
300213	300290
300214	300290
300215	300290
300241	300220
300242	300230
300249	300210
300251	300210
300259	300210
300290	300290
300310	300310
300320	300320
300331	300331
300339	300339
300341	300340
300342	300340
300343	300340
300349	300340
300360	300390
300390	300390
300410	300410
300420	300420
300431	300431
300432	300432
300439	300439
300441	300440
300442	300440
300443	300440
300449	300440
300450	300450
300460	300490
300490	300490
300510	300510
300590	300590
300610	300610
300630	300630
300640	300640
300650	300650
300660	300660
300670	300670
300691	300691
300692	300692
300693	300490
310100	310100
310210	310210
310221	310221
310229	310229
310230	310230
310240	310240
310250	310250
310260	310260
310280	310280
310290	310290
310311	310310
310319	310310
310390	310390
310420	310420
310430	310430
310490	310490
310510	310510
310520	310520
310530	310530
310540	310540
310551	310551
310559	310559
310560	310560
310590	310590
320110	320110
320120	320120
320190	320190
320210	320210
320290	320290
320300	320300
320411	320411
320412	320412
320413	320413
320414	320414
320415	320415
320416	320416
320417	320417
320418	320419
320419	320419
320420	320420
320490	320490
320500	320500
320611	320611
320619	320619
320620	320620
320641	320641
320642	320642
320649	320649
320650	320650
320710	320710
320720	320720
320730	320730
320740	320740
320810	320810
320820	320820
320890	320890
320910	320910
320990	320990
321000	321000
321100	321100
321210	321210
321290	321290
321310	321310
321390	321390
321410	321410
321490	321490
321511	321511
321519	321519
321590	321590
330112	330112
330113	330113
330119	330119
330124	330124
330125	330125
330129	330129
330130	330130
330190	330190
330210	330210
330290	330290
330300	330300
330410	330410
330420	330420
330430	330430
330491	330491
330499	330499
330510	330510
330520	330520
330530	330530
330590	330590
330610	330610
330620	330620
330690	330690
330710	330710
330720	330720
330730	330730
330741	330741
330749	330749
330790	330790
340111	340111
340119	340119
340120	340120
340130	340130
340231	340211
340239	340211
340241	340212
340242	340213
340249	340219
340250	340220
340290	340290
340311	340311
340319	340319
340391	340391
340399	340399
340420	340420
340490	340490
340510	340510
340520	340520
340530	340530
340540	340540
340590	340590
340600	340600
340700	340700
350110	350110
350190	350190
350211	350211
350219	350219
350220	350220
350290	350290
350300	350300
350400	350400
350510	350510
350520	350520
350610	350610
350691	350691
350699	350699
350710	350710
350790	350790
360100	360100
360200	360200
360310	360300
360320	360300
360330	360300
360340	360300
360350	360300
360360	360300
360410	360410
360490	360490
360500	360500
360610	360610
360690	360690
370110	370110
370120	370120
370130	370130
370191	370191
370199	370199
370210	370210
370231	370231
370232	370232
370239	370239
370241	370241
370242	370242
370243	370243
370244	370244
370252	370252
370253	370253
370254	370254
370255	370255
370256	370256
370296	370293
370297	370294
370298	370295
370310	370310
370320	370320
370390	370390
370400	370400
370500	370590
370610	370610
370690	370690
370710	370710
370790	370790
380110	380110
380120	380120
380130	380130
380190	380190
380210	380210
380290	380290
380300	380300
380400	380400
380510	380510
380590	380590
380610	380610
380620	380620
380630	380630
380690	380690
380700	380700
380852	380899
380859	380899
380861	380891
380862	380891
380869	380891
380891	380891
380892	380892
380893	380893
380894	380894
380899	380899
380910	380910
380991	380991
380992	380992
380993	380993
381010	381010
381090	381090
381111	381111
381119	381119
381121	381121
381129	381129
381190	381190
381210	381210
381220	381220
381231	381230
381239	381230
381300	381300
381400	381400
381511	381511
381512	381512
381519	381519
381590	381590
381600	381600
381700	381700
381800	381800
381900	381900
382000	382000
382100	382100
382211	300210
382212	300210
382213	300620
382219	382200
382290	382200
382311	382311
382312	382312
382313	382313
382319	382319
382370	382370
382410	382410
382430	382430
382440	382440
382450	382450
382460	382460
382481	382481
382482	382482
382483	382483
382484	382490
382485	382490
382486	382490
382487	382490
382488	382490
382489	382490
382491	382490
382492	382490
382499	382490
382510	382510
382520	382520
382530	382530
382541	382541
382549	382549
382550	382550
382561	382561
382569	382569
382590	382590
382600	382490
382711	382471
382712	382473
382713	382475
382714	382476
382720	382472
382731	382474
382732	382474
382739	382474
382740	382477
382751	382478
382759	382478
382761	382478
382762	382478
382763	382478
382764	382478
382765	382478
382768	382478
382769	382478
382790	382479
390110	390110
390120	390120
390130	390130
390140	390190
390190	390190
390210	390210
390220	390220
390230	390230
390290	390290
390311	390311
390319	390319
390320	390320
390330	390330
390390	390390
390410	390410
390421	390421
390422	390422
390430	390430
390440	390440
390450	390450
390461	390461
390469	390469
390490	390490
390512	390512
390519	390519
390521	390521
390529	390529
390530	390530
390591	390591
390599	390599
390610	390610
390690	390690
390710	390710
390721	390720
390729	390720
390730	390730
390740	390740
390750	390750
390761	390760
390769	390760
390770	390770
390791	390791
390799	390799
390810	390810
390890	390890
390910	390910
390920	390920
390931	390930
390939	390930
390940	390940
390950	390950
391000	391000
391110	391110
391120	391190
391190	391190
391211	391211
391212	391212
391220	391220
391231	391231
391239	391239
391290	391290
391310	391310
391390	391390
391400	391400
391510	391510
391520	391520
391530	391530
391590	391590
391610	391610
391620	391620
391690	391690
391710	391710
391721	391721
391722	391722
391723	391723
391729	391729
391731	391731
391732	391732
391733	391733
391739	391739
391740	391740
391810	391810
391890	391890
391910	391910
391990	391990
392010	392010
392020	392020
392030	392030
392043	392043
392049	392049
392051	392051
392059	392059
392061	392061
392062	392062
392063	392063
392069	392069
392071	392071
392073	392073
392079	392079
392091	392091
392092	392092
392093	392093
392094	392094
392099	392099
392111	392111
392112	392112
392113	392113
392114	392114
392119	392119
392190	392190
392210	392210
392220	392220
392290	392290
392310	392310
392321	392321
392329	392329
392330	392330
392340	392340
392350	392350
392390	392390
392410	392410
392490	392490
392510	392510
392520	392520
392530	392530
392590	392590
392610	392610
392620	392620
392630	392630
392640	392640
392690	392690
400110	400110
400121	400121
400122	400122
400129	400129
400130	400130
400211	400211
400219	400219
400220	400220
400231	400231
400239	400239
400241	400241
400249	400249
400251	400251
400259	400259
400260	400260
400270	400270
400280	400280
400291	400291
400299	400299
400300	400300
400400	400400
400510	400510
400520	400520
400591	400591
400599	400599
400610	400610
400690	400690
400700	400700
400811	400811
400819	400819
400821	400821
400829	400829
400911	400911
400912	400912
400921	400921
400922	400922
400931	400931
400932	400932
400941	400941
400942	400942
401011	401011
401012	401012
401019	401019
401031	401031
401032	401032
401033	401033
401034	401034
401035	401035
401036	401036
401039	401039
401110	401110
401120	401120
401130	401130
401140	401140
401150	401150
401170	401161
401180	401194
401190	401199
401211	401211
401212	401212
401213	401213
401219	401219
401220	401220
401290	401290
401310	401310
401320	401320
401390	401390
401410	401410
401490	401490
401512	401511
401519	401519
401590	401590
401610	401610
401691	401691
401692	401692
401693	401693
401694	401694
401695	401695
401699	401699
401700	401700
410120	410120
410150	410150
410190	410190
410210	410210
410221	410221
410229	410229
410320	410320
410330	410330
410390	410390
410411	410411
410419	410419
410441	410441
410449	410449
410510	410510
410530	410530
410621	410621
410622	410622
410631	410631
410632	410632
410640	410640
410691	410691
410692	410692
410711	410711
410712	410712
410719	410719
410791	410791
410792	410792
410799	410799
411200	411200
411310	411310
411320	411320
411330	411330
411390	411390
411410	411410
411420	411420
411510	411510
411520	411520
420100	420100
420211	420211
420212	420212
420219	420219
420221	420221
420222	420222
420229	420229
420231	420231
420232	420232
420239	420239
420291	420291
420292	420292
420299	420299
420310	420310
420321	420321
420329	420329
420330	420330
420340	420340
420500	420500
420600	420600
430110	430110
430130	430130
430160	430160
430180	430180
430190	430190
430211	430211
430219	430219
430220	430220
430230	430230
430310	430310
430390	430390
430400	430400
440111	440110
440112	440110
440121	440121
440122	440122
440131	440130
440132	440130
440139	440130
440141	440130
440149	440130
440210	440210
440220	440290
440290	440290
440311	440310
440312	440310
440321	440320
440322	440320
440323	440320
440324	440320
440325	440320
440326	440320
440341	440341
440342	440399
440349	440349
440391	440391
440393	440392
440394	440392
440395	440399
440396	440399
440397	440399
440398	440399
440399	440399
440410	440410
440420	440420
440500	440500
440611	440610
440612	440610
440691	440690
440692	440690
440711	440710
440712	440710
440713	440710
440714	440710
440719	440710
440721	440721
440722	440722
440723	440799
440725	440725
440726	440726
440727	440727
440728	440728
440729	440729
440791	440791
440792	440792
440793	440793
440794	440794
440795	440795
440796	440799
440797	440799
440799	440799
440810	440810
440831	440831
440839	440839
440890	440890
440910	440910
440921	440921
440922	440929
440929	440929
441011	441011
441012	441012
441019	441019
441090	441090
441112	441112
441113	441113
441114	441114
441192	441192
441193	441193
441194	441194
441210	441210
441231	441231
441233	441232
441234	441232
441239	441239
441241	441299
441242	441299
441249	441299
441251	441294
441252	441294
441259	441294
441291	441299
441292	441299
441299	441299
441300	441300
441410	441400
441490	441400
441510	441510
441520	441520
441600	441600
441700	441700
441811	441810
441819	441810
441821	441820
441829	441820
441830	441860
441840	441840
441850	441850
441873	441872
441874	441871
441875	441872
441879	441879
441881	441890
441882	441890
441883	441890
441889	441890
441891	441890
441892	441890
441899	441890
441911	441900
441912	441900
441919	441900
441920	441900
441990	441900
442011	442010
442019	442010
442090	442090
442110	442110
442120	442190
442191	442190
442199	442190
450110	450110
450190	450190
450200	450200
450310	450310
450390	450390
450410	450410
450490	450490
460121	460121
460122	460122
460129	460129
460192	460192
460193	460193
460194	460194
460199	460199
460211	460211
460212	460212
460219	460219
460290	460290
470100	470100
470200	470200
470311	470311
470319	470319
470321	470321
470329	470329
470411	470411
470419	470419
470421	470421
470429	470429
470500	470500
470610	470610
470620	470620
470630	470630
470691	470691
470692	470692
470693	470693
470710	470710
470720	470720
470730	470730
470790	470790
480100	480100
480210	480210
480220	480220
480240	480240
480254	480254
480255	480255
480256	480256
480257	480257
480258	480258
480261	480261
480262	480262
480269	480269
480300	480300
480411	480411
480419	480419
480421	480421
480429	480429
480431	480431
480439	480439
480441	480441
480442	480442
480449	480449
480451	480451
480452	480452
480459	480459
480511	480511
480512	480512
480519	480519
480524	480524
480525	480525
480530	480530
480540	480540
480550	480550
480591	480591
480592	480592
480593	480593
480610	480610
480620	480620
480630	480630
480640	480640
480700	480700
480810	480810
480840	480830
480890	480890
480920	480920
480990	480990
481013	481013
481014	481014
481019	481019
481022	481022
481029	481029
481031	481031
481032	481032
481039	481039
481092	481092
481099	481099
481110	481110
481141	481141
481149	481149
481151	481151
481159	481159
481160	481160
481190	481190
481200	481200
481310	481310
481320	481320
481390	481390
481420	481420
481490	481490
481620	481620
481690	481690
481710	481710
481720	481720
481730	481730
481810	481810
481820	481820
481830	481830
481850	481850
481890	481890
481910	481910
481920	481920
481930	481930
481940	481940
481950	481950
481960	481960
482010	482010
482020	482020
482030	482030
482040	482040
482050	482050
482090	482090
482110	482110
482190	482190
482210	482210
482290	482290
482320	482320
482340	482340
482361	482361
482369	482369
482370	482370
482390	482390
490110	490110
490191	490191
490199	490199
490210	490210
490290	490290
490300	490300
490400	490400
490520	490591
490590	490599
490600	490600
490700	490700
490810	490810
490890	490890
490900	490900
491000	491000
491110	491110
491191	491191
491199	491199
500100	500100
500200	500200
500300	500300
500400	500400
500500	500500
500600	500600
500710	500710
500720	500720
500790	500790
510111	510111
510119	510119
510121	510121
510129	510129
510130	510130
510211	510211
510219	510219
510220	510220
510310	510310
510320	510320
510330	510330
510400	510400
510510	510510
510521	510521
510529	510529
510531	510531
510539	510539
510540	510540
510610	510610
510620	510620
510710	510710
510720	510720
510810	510810
510820	510820
510910	510910
510990	510990
511000	511000
511111	511111
511119	511119
511120	511120
511130	511130
511190	511190
511211	511211
511219	511219
511220	511220
511230	511230
511290	511290
511300	511300
520100	520100
520210	520210
520291	520291
520299	520299
520300	520300
520411	520411
520419	520419
520420	520420
520511	520511
520512	520512
520513	520513
520514	520514
520515	520515
520521	520521
520522	520522
520523	520523
520524	520524
520526	520526
520527	520527
520528	520528
520531	520531
520532	520532
520533	520533
520534	520534
520535	520535
520541	520541
520542	520542
520543	520543
520544	520544
520546	520546
520547	520547
520548	520548
520611	520611
520612	520612
520613	520613
520614	520614
520615	520615
520621	520621
520622	520622
520623	520623
520624	520624
520625	520625
520631	520631
520632	520632
520633	520633
520634	520634
520635	520635
520641	520641
520642	520642
520643	520643
520644	520644
520645	520645
520710	520710
520790	520790
520811	520811
520812	520812
520813	520813
520819	520819
520821	520821
520822	520822
520823	520823
520829	520829
520831	520831
520832	520832
520833	520833
520839	520839
520841	520841
520842	520842
520843	520843
520849	520849
520851	520851
520852	520852
520859	520859
520911	520911
520912	520912
520919	520919
520921	520921
520922	520922
520929	520929
520931	520931
520932	520932
520939	520939
520941	520941
520942	520942
520943	520943
520949	520949
520951	520951
520952	520952
520959	520959
521011	521011
521019	521019
521021	521021
521029	521029
521031	521031
521032	521032
521039	521039
521041	521041
521049	521049
521051	521051
521059	521059
521111	521111
521112	521112
521119	521119
521120	521120
521131	521131
521132	521132
521139	521139
521141	521141
521142	521142
521143	521143
521149	521149
521151	521151
521152	521152
521159	521159
521211	521211
521212	521212
521213	521213
521214	521214
521215	521215
521221	521221
521222	521222
521223	521223
521224	521224
521225	521225
530110	530110
530121	530121
530129	530129
530130	530130
530210	530210
530290	530290
530310	530310
530390	530390
530500	530500
530610	530610
530620	530620
530710	530710
530720	530720
530810	530810
530820	530820
530890	530890
530911	530911
530919	530919
530921	530921
530929	530929
531010	531010
531090	531090
531100	531100
540110	540110
540120	540120
540211	540211
540219	540219
540220	540220
540231	540231
540232	540232
540233	540233
540234	540234
540239	540239
540244	540244
540245	540245
540246	540246
540247	540247
540248	540248
540249	540249
540251	540251
540252	540252
540253	540259
540259	540259
540261	540261
540262	540262
540263	540269
540269	540269
540310	540310
540331	540331
540332	540332
540333	540333
540339	540339
540341	540341
540342	540342
540349	540349
540411	540411
540412	540412
540419	540419
540490	540490
540500	540500
540600	540600
540710	540710
540720	540720
540730	540730
540741	540741
540742	540742
540743	540743
540744	540744
540751	540751
540752	540752
540753	540753
540754	540754
540761	540761
540769	540769
540771	540771
540772	540772
540773	540773
540774	540774
540781	540781
540782	540782
540783	540783
540784	540784
540791	540791
540792	540792
540793	540793
540794	540794
540810	540810
540821	540821
540822	540822
540823	540823
540824	540824
540831	540831
540832	540832
540833	540833
540834	540834
550111	550110
550119	550110
550120	550120
550130	550130
550140	550140
550190	550190
550210	550200
550290	550200
550311	550311
550319	550319
550320	550320
550330	550330
550340	550340
550390	550390
550410	550410
550490	550490
550510	550510
550520	550520
550610	550610
550620	550620
550630	550630
550640	550690
550690	550690
550700	550700
550810	550810
550820	550820
550911	550911
550912	550912
550921	550921
550922	550922
550931	550931
550932	550932
550941	550941
550942	550942
550951	550951
550952	550952
550953	550953
550959	550959
550961	550961
550962	550962
550969	550969
550991	550991
550992	550992
550999	550999
551011	551011
551012	551012
551020	551020
551030	551030
551090	551090
551110	551110
551120	551120
551130	551130
551211	551211
551219	551219
551221	551221
551229	551229
551291	551291
551299	551299
551311	551311
551312	551312
551313	551313
551319	551319
551321	551321
551323	551323
551329	551329
551331	551331
551339	551339
551341	551341
551349	551349
551411	551411
551412	551412
551419	551419
551421	551421
551422	551422
551423	551423
551429	551429
551430	551430
551441	551441
551442	551442
551443	551443
551449	551449
551511	551511
551512	551512
551513	551513
551519	551519
551521	551521
551522	551522
551529	551529
551591	551591
551599	551599
551611	551611
551612	551612
551613	551613
551614	551614
551621	551621
551622	551622
551623	551623
551624	551624
551631	551631
551632	551632
551633	551633
551634	551634
551641	551641
551642	551642
551643	551643
551644	551644
551691	551691
551692	551692
551693	551693
551694	551694
560121	560121
560122	560122
560129	560129
560130	560130
560210	560210
560221	560221
560229	560229
560290	560290
560311	560311
560312	560312
560313	560313
560314	560314
560391	560391
560392	560392
560393	560393
560394	560394
560410	560410
560490	560490
560500	560500
560600	560600
560721	560721
560729	560729
560741	560741
560749	560749
560750	560750
560790	560790
560811	560811
560819	560819
560890	560890
560900	560900
570110	570110
570190	570190
570210	570210
570220	570220
570231	570231
570232	570232
570239	570239
570241	570241
570242	570242
570249	570249
570250	570250
570291	570291
570292	570292
570299	570299
570310	570310
570321	570320
570329	570320
570331	570330
570339	570330
570390	570390
570410	570410
570420	570490
570490	570490
570500	570500
580110	580110
580121	580121
580122	580122
580123	580123
580126	580126
580127	580125
580131	580131
580132	580132
580133	580133
580136	580136
580137	580135
580190	580190
580210	580219
580220	580220
580230	580230
580300	580300
580410	580410
580421	580421
580429	580429
580430	580430
580500	580500
580610	580610
580620	580620
580631	580631
580632	580632
580639	580639
580640	580640
580710	580710
580790	580790
580810	580810
580890	580890
580900	580900
581010	581010
581091	581091
581092	581092
581099	581099
581100	581100
590110	590110
590190	590190
590210	590210
590220	590220
590290	590290
590310	590310
590320	590320
590390	590390
590410	590410
590490	590490
590500	590500
590610	590610
590691	590691
590699	590699
590700	590700
590800	590800
590900	590900
591000	591000
591110	591110
591120	591120
591131	591131
591132	591132
591140	591140
591190	591190
600110	600110
600121	600121
600122	600122
600129	600129
600191	600191
600192	600192
600199	600199
600240	600240
600290	600290
600310	600310
600320	600320
600330	600330
600340	600340
600390	600390
600410	600410
600490	600490
600521	600521
600522	600522
600523	600523
600524	600524
600535	600532
600536	600531
600537	600532
600538	600533
600539	600534
600541	600541
600542	600542
600543	600543
600544	600544
600590	600590
600610	600610
600621	600621
600622	600622
600623	600623
600624	600624
600631	600631
600632	600632
600633	600633
600634	600634
600641	600641
600642	600642
600643	600643
600644	600644
600690	600690
610120	610120
610130	610130
610190	610190
610210	610210
610220	610220
610230	610230
610290	610290
610310	610310
610322	610322
610323	610323
610329	610329
610331	610331
610332	610332
610333	610333
610339	610339
610341	610341
610342	610342
610343	610343
610349	610349
610413	610413
610419	610419
610422	610422
610423	610423
610429	610429
610431	610431
610432	610432
610433	610433
610439	610439
610441	610441
610442	610442
610443	610443
610444	610444
610449	610449
610451	610451
610452	610452
610453	610453
610459	610459
610461	610461
610462	610462
610463	610463
610469	610469
610510	610510
610520	610520
610590	610590
610610	610610
610620	610620
610690	610690
610711	610711
610712	610712
610719	610719
610721	610721
610722	610722
610729	610729
610791	610791
610799	610799
610811	610811
610819	610819
610821	610821
610822	610822
610829	610829
610831	610831
610832	610832
610839	610839
610891	610891
610892	610892
610899	610899
610910	610910
610990	610990
611011	611011
611012	611012
611019	611019
611020	611020
611030	611030
611090	611090
611120	611120
611130	611130
611190	611190
611211	611211
611212	611212
611219	611219
611220	611220
611231	611231
611239	611239
611241	611241
611249	611249
611300	611300
611420	611420
611430	611430
611490	611490
611510	611510
611521	611521
611522	611522
611529	611529
611530	611530
611594	611594
611595	611595
611596	611596
611599	611599
611610	611610
611691	611691
611692	611692
611693	611693
611699	611699
611710	611710
611780	611780
611790	611790
620120	620111
620130	620192
620140	620193
620190	620199
620220	620211
620230	620292
620240	620293
620290	620299
620311	620311
620312	620312
620319	620319
620322	620322
620323	620323
620329	620329
620331	620331
620332	620332
620333	620333
620339	620339
620341	620341
620342	620342
620343	620343
620349	620349
620411	620411
620412	620412
620413	620413
620419	620419
620421	620421
620422	620422
620423	620423
620429	620429
620431	620431
620432	620432
620433	620433
620439	620439
620441	620441
620442	620442
620443	620443
620444	620444
620449	620449
620451	620451
620452	620452
620453	620453
620459	620459
620461	620461
620462	620462
620463	620463
620469	620469
620520	620520
620530	620530
620590	620590
620610	620610
620620	620620
620630	620630
620640	620640
620690	620690
620711	620711
620719	620719
620721	620721
620722	620722
620729	620729
620791	620791
620799	620799
620811	620811
620819	620819
620821	620821
620822	620822
620829	620829
620891	620891
620892	620892
620899	620899
620920	620920
620930	620930
620990	620990
621010	621010
621020	621020
621030	621030
621040	621040
621050	621050
621111	621111
621112	621112
621120	621120
621132	621132
621133	621133
621139	621139
621142	621142
621143	621143
621149	621149
621210	621210
621220	621220
621230	621230
621290	621290
621320	621320
621390	621390
621410	621410
621420	621420
621430	621430
621440	621440
621490	621490
621510	621510
621520	621520
621590	621590
621600	621600
621710	621710
621790	621790
630110	630110
630120	630120
630130	630130
630140	630140
630190	630190
630210	630210
630221	630221
630222	630222
630229	630229
630231	630231
630232	630232
630239	630239
630240	630240
630251	630251
630253	630253
630259	630259
630260	630260
630291	630291
630293	630293
630299	630299
630312	630312
630319	630319
630391	630391
630392	630392
630399	630399
630411	630411
630419	630419
630420	630491
630491	630491
630492	630492
630493	630493
630499	630499
630510	630510
630520	630520
630532	630532
630533	630533
630539	630539
630590	630590
630612	630612
630619	630619
630622	630622
630629	630629
630630	630630
630640	630640
630690	630699
630710	630710
630720	630720
630790	630790
630800	630800
630900	630900
631010	631010
631090	631090
640110	640110
640192	640192
640199	640199
640212	640212
640219	640219
640220	640220
640291	640291
640299	640299
640312	640312
640319	640319
640320	640320
640340	640340
640351	640351
640359	640359
640391	640391
640399	640399
640411	640411
640419	640419
640420	640420
640510	640510
640520	640520
640590	640590
640610	640610
640620	640620
640690	640699
650100	650100
650200	650200
650400	650400
650500	650590
650610	650610
650691	650691
650699	650699
650700	650700
660110	660110
660191	660191
660199	660199
660200	660200
660320	660320
660390	660390
670100	670100
670210	670210
670290	670290
670300	670300
670411	670411
670419	670419
670420	670420
670490	670490
680100	680100
680210	680210
680221	680221
680223	680223
680229	680229
680291	680291
680292	680292
680293	680293
680299	680299
680300	680300
680410	680410
680421	680421
680422	680422
680423	680423
680430	680430
680510	680510
680520	680520
680530	680530
680610	680610
680620	680620
680690	680690
680710	680710
680790	680790
680800	680800
680911	680911
680919	680919
680990	680990
681011	681011
681019	681019
681091	681091
681099	681099
681140	681140
681181	681181
681182	681182
681189	681189
681280	681280
681291	681291
681299	681299
681320	681320
681381	681381
681389	681389
681410	681410
681490	681490
681511	681599
681512	681599
681513	681599
681519	681510
681520	681520
681591	681591
681599	681599
690100	690100
690210	690210
690220	690220
690290	690290
690310	690310
690320	690320
690390	690390
690410	690410
690490	690490
690510	690510
690590	690590
690600	690600
690721	690790
690722	690790
690723	690790
690730	690790
690740	690790
690911	690911
690912	690912
690919	690919
690990	690990
691010	691010
691090	691090
691110	691110
691190	691190
691200	691200
691310	691310
691390	691390
691410	691410
691490	691490
700100	700100
700210	700210
700220	700220
700231	700231
700232	700232
700239	700239
700312	700312
700319	700319
700320	700320
700330	700330
700420	700420
700490	700490
700510	700510
700521	700521
700529	700529
700530	700530
700600	700600
700711	700711
700719	700719
700721	700721
700729	700729
700800	700800
700910	700910
700991	700991
700992	700992
701010	701010
701020	701020
701090	701090
701110	701110
701120	701120
701190	701190
701310	701310
701322	701322
701328	701328
701333	701333
701337	701337
701341	701341
701342	701342
701349	701349
701391	701391
701399	701399
701400	701400
701510	701510
701590	701590
701610	701610
701690	701690
701710	701710
701720	701720
701790	701790
701810	701810
701820	701820
701890	701890
701911	701911
701912	701912
701913	701919
701914	701931
701915	701931
701919	701931
701961	701940
701962	701939
701963	701959
701964	701959
701965	701940
701966	701959
701969	701939
701971	701932
701972	701939
701973	701939
701980	701990
701990	701990
702000	702000
710110	710110
710121	710121
710122	710122
710210	710210
710221	710221
710229	710229
710231	710231
710239	710239
710310	710310
710391	710391
710399	710399
710410	710410
710421	710420
710429	710420
710491	710490
710499	710490
710510	710510
710590	710590
710610	710610
710691	710691
710692	710692
710700	710700
710811	710811
710812	710812
710813	710813
710820	710820
710900	710900
711011	711011
711019	711019
711021	711021
711029	711029
711031	711031
711039	711039
711041	711041
711049	711049
711100	711100
711230	711230
711291	711291
711292	711292
711299	711299
711311	711311
711319	711319
711320	711320
711411	711411
711419	711419
711420	711420
711510	711510
711590	711590
711610	711610
711620	711620
711711	711711
711719	711719
711790	711790
711810	711810
711890	711890
720110	720110
720120	720120
720150	720150
720211	720211
720219	720219
720221	720221
720229	720229
720230	720230
720241	720241
720249	720249
720250	720250
720260	720260
720270	720270
720280	720280
720291	720291
720292	720292
720293	720293
720299	720299
720310	720310
720390	720390
720410	720410
720421	720421
720429	720429
720430	720430
720441	720441
720449	720449
720450	720450
720510	720510
720521	720521
720529	720529
720610	720610
720690	720690
720711	720711
720712	720712
720719	720719
720720	720720
720810	720810
720825	720825
720826	720826
720827	720827
720836	720836
720837	720837
720838	720838
720839	720839
720840	720840
720851	720851
720852	720852
720853	720853
720854	720854
720890	720890
720915	720915
720916	720916
720917	720917
720918	720918
720925	720925
720926	720926
720927	720927
720928	720928
720990	720990
721011	721011
721012	721012
721020	721020
721030	721030
721041	721041
721049	721049
721050	721050
721061	721061
721069	721069
721070	721070
721090	721090
721113	721113
721114	721114
721119	721119
721123	721123
721129	721129
721190	721190
721210	721210
721220	721220
721230	721230
721240	721240
721250	721250
721260	721260
721310	721310
721320	721320
721391	721391
721399	721399
721410	721410
721420	721420
721430	721430
721491	721491
721499	721499
721510	721510
721550	721550
721590	721590
721610	721610
721621	721621
721622	721622
721631	721631
721632	721632
721633	721633
721640	721640
721650	721650
721661	721661
721669	721669
721691	721691
721699	721699
721710	721710
721720	721720
721730	721730
721790	721790
721810	721810
721891	721891
721899	721899
721911	721911
721912	721912
721913	721913
721914	721914
721921	721921
721922	721922
721923	721923
721924	721924
721931	721931
721932	721932
721933	721933
721934	721934
721935	721935
721990	721990
722011	722011
722012	722012
722020	722020
722090	722090
722100	722100
722211	722211
722219	722219
722220	722220
722230	722230
722240	722240
722300	722300
722410	722410
722490	722490
722511	722511
722519	722519
722530	722530
722540	722540
722550	722550
722591	722591
722592	722592
722599	722599
722611	722611
722619	722619
722620	722620
722691	722691
722692	722692
722699	722699
722710	722710
722720	722720
722790	722790
722810	722810
722820	722820
722830	722830
722840	722840
722850	722850
722860	722860
722870	722870
722880	722880
722920	722920
722990	722990
730110	730110
730120	730120
730210	730210
730230	730230
730240	730240
730290	730290
730300	730300
730411	730411
730419	730419
730422	730422
730423	730423
730424	730424
730429	730429
730431	730431
730439	730439
730441	730441
730449	730449
730451	730451
730459	730459
730490	730490
730511	730511
730512	730512
730519	730519
730520	730520
730531	730531
730539	730539
730590	730590
730611	730611
730619	730619
730621	730621
730629	730629
730630	730630
730640	730640
730650	730650
730661	730661
730669	730669
730690	730690
730711	730711
730719	730719
730721	730721
730722	730722
730723	730723
730729	730729
730791	730791
730792	730792
730793	730793
730799	730799
730810	730810
730820	730820
730830	730830
730840	730840
730890	730890
730900	730900
731010	731010
731021	731021
731029	731029
731100	731100
731210	731210
731290	731290
731300	731300
731412	731412
731414	731414
731419	731419
731420	731420
731431	731431
731439	731439
731441	731441
731442	731442
731449	731449
731450	731450
731511	731511
731512	731512
731519	731519
731520	731520
731581	731581
731582	731582
731589	731589
731590	731590
731600	731600
731700	731700
731811	731811
731812	731812
731813	731813
731814	731814
731815	731815
731816	731816
731819	731819
731821	731821
731822	731822
731823	731823
731824	731824
731829	731829
731940	731930
731990	731990
732010	732010
732020	732020
732090	732090
732111	732111
732112	732112
732119	732119
732181	732181
732182	732182
732189	732189
732190	732190
732211	732211
732219	732219
732290	732290
732310	732310
732391	732391
732392	732392
732393	732393
732394	732394
732399	732399
732410	732410
732421	732421
732429	732429
732490	732490
732510	732510
732591	732591
732599	732599
732611	732611
732619	732619
732620	732620
732690	732690
740100	740100
740200	740200
740311	740311
740312	740312
740313	740313
740319	740319
740321	740321
740322	740322
740329	740329
740400	740400
740500	740500
740610	740610
740620	740620
740710	740710
740721	740721
740729	740729
740811	740811
740819	740819
740821	740821
740822	740822
740829	740829
740911	740911
740919	740919
740921	740921
740929	740929
740931	740931
740939	740939
740940	740940
740990	740990
741011	741011
741012	741012
741021	741021
741022	741022
741110	741110
741121	741121
741122	741122
741129	741129
741210	741210
741220	741220
741300	741300
741510	741510
741521	741521
741529	741529
741533	741533
741539	741539
741810	741819
741820	741820
741920	741991
741980	741999
750110	750110
750120	750120
750210	750210
750220	750220
750300	750300
750400	750400
750511	750511
750512	750512
750521	750521
750522	750522
750610	750610
750620	750620
750711	750711
750712	750712
750720	750720
750810	750810
750890	750890
760110	760110
760120	760120
760200	760200
760310	760310
760320	760320
760410	760410
760421	760421
760429	760429
760511	760511
760519	760519
760521	760521
760529	760529
760611	760611
760612	760612
760691	760691
760692	760692
760711	760711
760719	760719
760720	760720
760810	760810
760820	760820
760900	760900
761010	761010
761090	761090
761100	761100
761210	761210
761290	761290
761300	761300
761410	761410
761490	761490
761510	761519
761520	761520
761610	761610
761691	761691
761699	761699
780110	780110
780191	780191
780199	780199
780200	780200
780411	780411
780419	780419
780420	780420
780600	780600
790111	790111
790112	790112
790120	790120
790200	790200
790310	790310
790390	790390
790400	790400
790500	790500
790700	790700
800110	800110
800120	800120
800200	800200
800300	800300
800700	800700
810110	810110
810194	810194
810196	810196
810197	810197
810199	810199
810210	810210
810294	810294
810295	810295
810296	810296
810297	810297
810299	810299
810320	810320
810330	810330
810391	810390
810399	810390
810411	810411
810419	810419
810420	810420
810430	810430
810490	810490
810520	810520
810530	810530
810590	810590
810610	810600
810690	810600
810820	810820
810830	810830
810890	810890
810921	810920
810929	810920
810931	810930
810939	810930
810991	810990
810999	810990
811010	811010
811020	811020
811090	811090
811100	811100
811212	811212
811213	811213
811219	811219
811221	811221
811222	811222
811229	811229
811231	811292
811239	811299
811241	811292
811249	811299
811251	811251
811252	811252
811259	811259
811261	810730
811269	810720
811292	811292
811299	811299
811300	811300
820110	820110
820130	820130
820140	820140
820150	820150
820160	820160
820190	820190
820210	820210
820220	820220
820231	820231
820239	820239
820240	820240
820291	820291
820299	820299
820310	820310
820320	820320
820330	820330
820340	820340
820411	820411
820412	820412
820420	820420
820510	820510
820520	820520
820530	820530
820540	820540
820551	820551
820559	820559
820560	820560
820570	820570
820590	820590
820600	820600
820713	820713
820719	820719
820720	820720
820730	820730
820740	820740
820750	820750
820760	820760
820770	820770
820780	820780
820790	820790
820810	820810
820820	820820
820830	820830
820840	820840
820890	820890
820900	820900
821000	821000
821110	821110
821191	821191
821192	821192
821193	821193
821194	821194
821195	821195
821210	821210
821220	821220
821290	821290
821300	821300
821410	821410
821420	821420
821490	821490
821510	821510
821520	821520
821591	821591
821599	821599
830110	830110
830120	830120
830130	830130
830140	830140
830150	830150
830160	830160
830170	830170
830210	830210
830220	830220
830230	830230
830241	830241
830242	830242
830249	830249
830250	830250
830260	830260
830300	830300
830400	830400
830510	830510
830520	830520
830590	830590
830610	830610
830621	830621
830629	830629
830630	830630
830710	830710
830790	830790
830810	830810
830820	830820
830890	830890
830910	830910
830990	830990
831000	831000
831110	831110
831120	831120
831130	831130
831190	831190
840110	840110
840120	840120
840130	840130
840140	840140
840211	840211
840212	840212
840219	840219
840220	840220
840290	840290
840310	840310
840390	840390
840410	840410
840420	840420
840490	840490
840510	840510
840590	840590
840610	840610
840681	840681
840682	840682
840690	840690
840710	840710
840721	840721
840729	840729
840731	840731
840732	840732
840733	840733
840734	840734
840790	840790
840810	840810
840820	840820
840890	840890
840910	840910
840991	840991
840999	840999
841011	841011
841012	841012
841013	841013
841090	841090
841111	841111
841112	841112
841121	841121
841122	841122
841181	841181
841182	841182
841191	841191
841199	841199
841210	841210
841221	841221
841229	841229
841231	841231
841239	841239
841280	841280
841290	841290
841311	841311
841319	841319
841320	841320
841330	841330
841340	841340
841350	841350
841360	841360
841370	841370
841381	841381
841382	841382
841391	841391
841392	841392
841410	841410
841420	841420
841430	841430
841440	841440
841451	841451
841459	841459
841460	841460
841470	842139
841480	841480
841490	841490
841510	841510
841520	841520
841581	841581
841582	841582
841583	841583
841590	841590
841610	841610
841620	841620
841630	841630
841690	841690
841710	841710
841720	841720
841780	841780
841790	841790
841810	841810
841821	841821
841829	841829
841830	841830
841840	841840
841850	841850
841861	841861
841869	841869
841891	841891
841899	841899
841911	841911
841912	841919
841919	841919
841920	841920
841933	841939
841934	841931
841935	841932
841939	841939
841940	841940
841950	841950
841960	841960
841981	841981
841989	841989
841990	841990
842010	842010
842091	842091
842099	842099
842111	842111
842112	842112
842119	842119
842121	842121
842122	842122
842123	842123
842129	842129
842131	842131
842132	842139
842139	842139
842191	842191
842199	842199
842211	842211
842219	842219
842220	842220
842230	842230
842240	842240
842290	842290
842310	842310
842320	842320
842330	842330
842381	842381
842382	842382
842389	842389
842390	842390
842410	842410
842420	842420
842430	842430
842441	842481
842449	842481
842482	842481
842489	842489
842490	842490
842511	842511
842519	842519
842531	842531
842539	842539
842541	842541
842542	842542
842549	842549
842611	842611
842612	842612
842619	842619
842620	842620
842630	842630
842641	842641
842649	842649
842691	842691
842699	842699
842710	842710
842720	842720
842790	842790
842810	842810
842820	842820
842831	842831
842832	842832
842833	842833
842839	842839
842840	842840
842860	842860
842870	842890
842890	842890
842911	842911
842919	842919
842920	842920
842930	842930
842940	842940
842951	842951
842952	842952
842959	842959
843010	843010
843020	843020
843031	843031
843039	843039
843041	843041
843049	843049
843050	843050
843061	843061
843069	843069
843110	843110
843120	843120
843131	843131
843139	843139
843141	843141
843142	843142
843143	843143
843149	843149
843210	843210
843221	843221
843229	843229
843231	843230
843239	843230
843241	843240
843242	843240
843280	843280
843290	843290
843311	843311
843319	843319
843320	843320
843330	843330
843340	843340
843351	843351
843352	843352
843353	843353
843359	843359
843360	843360
843390	843390
843410	843410
843420	843420
843490	843490
843510	843510
843590	843590
843610	843610
843621	843621
843629	843629
843680	843680
843691	843691
843699	843699
843710	843710
843780	843780
843790	843790
843810	843810
843820	843820
843830	843830
843840	843840
843850	843850
843860	843860
843880	843880
843890	843890
843910	843910
843920	843920
843930	843930
843991	843991
843999	843999
844010	844010
844090	844090
844110	844110
844120	844120
844130	844130
844140	844140
844180	844180
844190	844190
844230	844230
844240	844240
844250	844250
844311	844311
844312	844312
844313	844313
844314	844314
844315	844315
844316	844316
844317	844317
844319	844319
844331	844331
844332	844332
844339	844339
844391	844391
844399	844399
844400	844400
844511	844511
844512	844512
844513	844513
844519	844519
844520	844520
844530	844530
844540	844540
844590	844590
844610	844610
844621	844621
844629	844629
844630	844630
844711	844711
844712	844712
844720	844720
844790	844790
844811	844811
844819	844819
844820	844820
844831	844831
844832	844832
844833	844833
844839	844839
844842	844842
844849	844849
844851	844851
844859	844859
844900	844900
845011	845011
845012	845012
845019	845019
845020	845020
845090	845090
845110	845110
845121	845121
845129	845129
845130	845130
845140	845140
845150	845150
845180	845180
845190	845190
845210	845210
845221	845221
845229	845229
845230	845230
845290	845290
845310	845310
845320	845320
845380	845380
845390	845390
845410	845410
845420	845420
845430	845430
845490	845490
845510	845510
845521	845521
845522	845522
845530	845530
845590	845590
845611	845610
845612	845610
845620	845620
845630	845630
845640	847989
845650	847989
845690	845690
845710	845710
845720	845720
845730	845730
845811	845811
845819	845819
845891	845891
845899	845899
845910	845910
845921	845921
845929	845929
845931	845931
845939	845939
845941	845940
845949	845940
845951	845951
845959	845959
845961	845961
845969	845969
845970	845970
846012	846090
846019	846019
846022	846021
846023	846021
846024	846021
846029	846029
846031	846031
846039	846039
846040	846040
846090	846090
846120	846120
846130	846130
846140	846140
846150	846150
846190	846190
846211	846210
846219	846210
846222	846221
846223	846221
846224	846221
846225	846221
846226	846221
846229	846229
846232	846239
846233	846231
846239	846239
846242	846299
846249	846249
846251	846221
846259	846210
846261	846291
846262	846299
846263	846299
846269	846299
846290	846299
846310	846310
846320	846320
846330	846330
846390	846390
846410	846410
846420	846420
846490	846490
846510	846510
846520	846599
846591	846591
846592	846592
846593	846593
846594	846594
846595	846595
846596	846596
846599	846599
846610	846610
846620	846620
846630	846630
846691	846691
846692	846692
846693	846693
846694	846694
846711	846711
846719	846719
846721	846721
846722	846722
846729	846729
846781	846781
846789	846789
846791	846791
846792	846792
846799	846799
846810	846810
846820	846820
846880	846880
846890	846890
847010	847010
847021	847021
847029	847029
847030	847030
847050	847050
847090	847090
847130	847130
847141	847141
847149	847149
847150	847150
847160	847160
847170	847170
847180	847180
847190	847190
847210	847210
847230	847230
847290	847290
847321	847321
847329	847329
847330	847330
847340	847340
847350	847350
847410	847410
847420	847420
847431	847431
847432	847432
847439	847439
847480	847480
847490	847490
847510	847510
847521	847521
847529	847529
847590	847590
847621	847621
847629	847629
847681	847681
847689	847689
847690	847690
847710	847710
847720	847720
847730	847730
847740	847740
847751	847751
847759	847759
847780	847780
847790	847790
847810	847810
847890	847890
847910	847910
847920	847920
847930	847930
847940	847940
847950	847950
847960	847960
847971	847989
847979	847989
847981	847981
847982	847982
847983	847989
847989	847989
847990	847990
848010	848010
848020	848020
848030	848030
848041	848041
848049	848049
848050	848050
848060	848060
848071	848071
848079	848079
848110	848110
848120	848120
848130	848130
848140	848140
848180	848180
848190	848190
848210	848210
848220	848220
848230	848230
848240	848240
848250	848250
848280	848280
848291	848291
848299	848299
848310	848310
848320	848320
848330	848330
848340	848340
848350	848350
848360	848360
848390	848390
848410	848410
848420	848420
848490	848490
848510	846390
848520	847780
848530	847989
848580	847989
848590	847990
848610	848610
848620	848620
848630	848630
848640	848640
848690	848690
848710	848710
848790	848790
850110	850110
850120	850120
850131	850131
850132	850132
850133	850133
850134	850134
850140	850140
850151	850151
850152	850152
850153	850153
850161	850161
850162	850162
850163	850163
850164	850164
850171	850131
850172	850131
850180	850164
850211	850211
850212	850212
850213	850213
850220	850220
850231	850231
850239	850239
850240	850240
850300	850300
850410	850410
850421	850421
850422	850422
850423	850423
850431	850431
850432	850432
850433	850433
850434	850434
850440	850440
850450	850450
850490	850490
850511	850511
850519	850519
850520	850520
850590	850590
850610	850610
850630	850630
850640	850640
850650	850650
850660	850660
850680	850680
850690	850690
850710	850710
850720	850720
850730	850730
850750	850780
850760	850780
850780	850780
850790	850790
850811	850811
850819	850819
850860	850860
850870	850870
850940	850940
850980	850980
850990	850990
851010	851010
851020	851020
851030	851030
851090	851090
851110	851110
851120	851120
851130	851130
851140	851140
851150	851150
851180	851180
851190	851190
851210	851210
851220	851220
851230	851230
851240	851240
851290	851290
851310	851310
851390	851390
851411	851410
851419	851410
851420	851420
851431	851430
851432	851430
851439	851430
851440	851440
851490	851490
851511	851511
851519	851519
851521	851521
851529	851529
851531	851531
851539	851539
851580	851580
851590	851590
851610	851610
851621	851621
851629	851629
851631	851631
851632	851632
851633	851633
851640	851640
851650	851650
851660	851660
851671	851671
851672	851672
851679	851679
851680	851680
851690	851690
851711	851711
851713	851712
851714	851712
851718	851718
851761	851761
851762	851762
851769	851769
851771	851770
851779	851770
851810	851810
851821	851821
851822	851822
851829	851829
851830	851830
851840	851840
851850	851850
851890	851890
851920	851920
851930	851930
851981	851981
851989	851989
852110	852110
852190	852190
852210	852210
852290	852290
852321	852321
852329	852329
852341	852340
852349	852340
852351	852351
852352	852352
852359	852359
852380	852380
852411	851712
852412	851712
852419	851712
852491	851712
852492	851712
852499	851712
852550	852550
852560	852560
852581	852580
852582	852580
852583	852580
852589	852580
852610	852610
852691	852691
852692	852692
852712	852712
852713	852713
852719	852719
852721	852721
852729	852729
852791	852791
852792	852792
852799	852799
852842	852849
852849	852849
852852	852859
852859	852859
852862	852869
852869	852869
852871	852871
852872	852872
852873	852873
852910	852910
852990	852990
853010	853010
853080	853080
853090	853090
853110	853110
853120	853120
853180	853180
853190	853190
853210	853210
853221	853221
853222	853222
853223	853223
853224	853224
853225	853225
853229	853229
853230	853230
853290	853290
853310	853310
853321	853321
853329	853329
853331	853331
853339	853339
853340	853340
853390	853390
853400	853400
853510	853510
853521	853521
853529	853529
853530	853530
853540	853540
853590	853590
853610	853610
853620	853620
853630	853630
853641	853641
853649	853649
853650	853650
853661	853661
853669	853669
853670	853670
853690	853690
853710	853710
853720	853720
853810	853810
853890	853890
853910	853910
853921	853921
853922	853922
853929	853929
853931	853931
853932	853932
853939	853939
853941	853941
853949	853949
853951	853990
853952	854370
853990	853990
854011	854011
854012	854012
854020	854020
854040	854040
854060	854060
854071	854071
854079	854079
854081	854081
854089	854089
854091	854091
854099	854099
854110	854110
854121	854121
854129	854129
854130	854130
854141	854140
854142	854140
854143	854140
854149	854140
854151	851712
854159	851712
854160	854160
854190	854190
854231	854231
854232	854232
854233	854233
854239	854239
854290	854290
854310	854310
854320	854320
854330	854330
854340	854370
854370	854370
854390	854390
854411	854411
854419	854419
854420	854420
854430	854430
854442	854442
854449	854449
854460	854460
854470	854470
854511	854511
854519	854519
854520	854520
854590	854590
854610	854610
854620	854620
854690	854690
854710	854710
854720	854720
854790	854790
854800	854890
854911	854810
854912	854810
854913	854810
854914	854810
854919	854810
854921	854231
854929	854231
854931	854231
854939	854231
854991	854231
854999	854231
860110	860110
860120	860120
860210	860210
860290	860290
860310	860310
860390	860390
860400	860400
860500	860500
860610	860610
860630	860630
860691	860691
860692	860692
860699	860699
860711	860711
860712	860712
860719	860719
860721	860721
860729	860729
860730	860730
860791	860791
860799	860799
860800	860800
860900	860900
870110	870110
870121	870120
870122	870120
870123	870120
870124	870120
870129	870120
870130	870130
870191	870190
870192	870190
870193	870190
870194	870190
870195	870190
870210	870210
870220	870210
870230	870290
870240	870290
870290	870290
870310	870310
870321	870321
870322	870322
870323	870323
870324	870324
870331	870331
870332	870332
870333	870333
870340	870390
870350	870390
870360	870390
870370	870390
870380	870390
870390	870390
870410	870410
870421	870421
870422	870422
870423	870423
870431	870431
870432	870432
870441	870421
870442	870422
870443	870423
870451	870431
870452	870490
870460	870490
870490	870490
870510	870510
870520	870520
870530	870530
870540	870540
870590	870590
870600	870600
870710	870710
870790	870790
870810	870810
870821	870821
870822	870829
870829	870829
870830	870830
870840	870840
870850	870850
870870	870870
870880	870880
870891	870891
870892	870892
870893	870893
870894	870894
870895	870895
870899	870899
870911	870911
870919	870919
870990	870990
871000	871000
871110	871110
871120	871120
871130	871130
871140	871140
871150	871150
871160	871190
871190	871190
871200	871200
871310	871310
871390	871390
871410	871419
871420	871420
871491	871491
871492	871492
871493	871493
871494	871494
871495	871495
871496	871496
871499	871499
871500	871500
871610	871610
871620	871620
871631	871631
871639	871639
871640	871640
871680	871680
871690	871690
880100	880100
880211	880211
880212	880212
880220	880220
880230	880230
880240	880240
880260	880260
880400	880400
880510	880510
880521	880521
880529	880529
880610	880240
880621	852580
880622	852580
880623	852580
880624	852580
880629	880240
880691	852580
880692	852580
880693	852580
880694	852580
880699	880240
880710	880310
880720	880320
880730	880330
880790	880390
890110	890110
890120	890120
890130	890130
890190	890190
890200	890200
890311	890310
890312	890310
890319	890310
890321	890391
890322	890391
890323	890391
890331	890392
890332	890392
890333	890392
890393	890399
890399	890399
890400	890400
890510	890510
890520	890520
890590	890590
890610	890610
890690	890690
890710	890710
890790	890790
890800	890800
900110	900110
900120	900120
900130	900130
900140	900140
900150	900150
900190	900190
900211	900211
900219	900219
900220	900220
900290	900290
900311	900311
900319	900319
900390	900390
900410	900410
900490	900490
900510	900510
900580	900580
900590	900590
900630	900630
900640	900640
900653	900653
900659	900659
900661	900661
900669	900669
900691	900691
900699	900699
900710	900719
900720	900720
900791	900791
900792	900792
900850	900830
900890	900890
901010	901010
901050	901050
901060	901060
901090	901090
901110	901110
901120	901120
901180	901180
901190	901190
901210	901210
901290	901290
901310	901310
901320	901320
901380	901380
901390	901390
901410	901410
901420	901420
901480	901480
901490	901490
901510	901510
901520	901520
901530	901530
901540	901540
901580	901580
901590	901590
901600	901600
901710	901710
901720	901720
901730	901730
901780	901780
901790	901790
901811	901811
901812	901812
901813	901813
901814	901814
901819	901819
901820	901820
901831	901831
901832	901832
901839	901839
901841	901841
901849	901849
901850	901850
901890	901890
901910	901910
901920	901920
902000	902000
902110	902110
902121	902121
902129	902129
902131	902131
902139	902139
902140	902140
902150	902150
902190	902190
902212	902212
902213	902213
902214	902214
902219	902219
902221	902221
902229	902229
902230	902230
902290	902290
902300	902300
902410	902410
902480	902480
902490	902490
902511	902511
902519	902519
902580	902580
902590	902590
902610	902610
902620	902620
902680	902680
902690	902690
902710	902710
902720	902720
902730	902730
902750	902750
902781	902780
902789	902780
902790	902790
902810	902810
902820	902820
902830	902830
902890	902890
902910	902910
902920	902920
902990	902990
903010	903010
903020	903020
903031	903031
903032	903032
903033	903033
903039	903039
903040	903040
903082	903082
903084	903084
903089	903089
903090	903090
903110	903110
903120	903120
903141	903141
903149	903149
903180	903180
903190	903190
903210	903210
903220	903220
903281	903281
903289	903289
903290	903290
903300	903300
910111	910111
910119	910119
910121	910121
910129	910129
910191	910191
910199	910199
910211	910211
910212	910212
910219	910219
910221	910221
910229	910229
910291	910291
910299	910299
910310	910310
910390	910390
910400	910400
910511	910511
910519	910519
910521	910521
910529	910529
910591	910591
910599	910599
910610	910610
910690	910690
910700	910700
910811	910811
910812	910812
910819	910819
910820	910820
910890	910890
910910	910919
910990	910990
911011	911011
911012	911012
911019	911019
911090	911090
911110	911110
911120	911120
911180	911180
911190	911190
911220	911220
911290	911290
911310	911310
911320	911320
911390	911390
911430	911430
911440	911440
911490	911410
920110	920110
920120	920120
920190	920190
920210	920210
920290	920290
920510	920510
920590	920590
920600	920600
920710	920710
920790	920790
920810	920810
920890	920890
920930	920930
920991	920991
920992	920992
920994	920994
920999	920999
930110	930119
930120	930120
930190	930190
930200	930200
930310	930310
930320	930320
930330	930330
930390	930390
930400	930400
930510	930510
930520	930529
930591	930591
930599	930599
930621	930621
930629	930629
930630	930630
930690	930690
930700	930700
940110	940110
940120	940120
940131	940130
940139	940130
940141	940140
940149	940140
940152	940151
940153	940151
940159	940159
940161	940161
940169	940169
940171	940171
940179	940179
940180	940180
940191	940190
940199	940190
940210	940210
940290	940290
940310	940310
940320	940320
940330	940330
940340	940340
940350	940350
940360	940360
940370	940370
940382	940381
940383	940381
940389	940389
940391	940390
940399	940390
940410	940410
940421	940421
940429	940429
940430	940430
940440	940490
940490	940490
940511	940510
940519	940510
940521	940520
940529	940520
940531	940530
940539	940530
940541	940540
940542	940540
940549	940540
940550	940550
940561	940560
940569	940560
940591	940591
940592	940592
940599	940599
940610	940600
940620	940600
940690	940600
950300	950300
950420	950420
950430	950430
950440	950440
950450	950490
950490	950490
950510	950510
950590	950590
950611	950611
950612	950612
950619	950619
950621	950621
950629	950629
950631	950631
950632	950632
950639	950639
950640	950640
950651	950651
950659	950659
950661	950661
950662	950662
950669	950669
950670	950670
950691	950691
950699	950699
950710	950710
950720	950720
950730	950730
950790	950790
950810	950810
950821	950890
950822	950890
950823	950890
950824	950890
950825	950890
950826	950890
950829	950890
950830	950890
950840	950890
960110	960110
960190	960190
960200	960200
960310	960310
960321	960321
960329	960329
960330	960330
960340	960340
960350	960350
960390	960390
960400	960400
960500	960500
960610	960610
960621	960621
960622	960622
960629	960629
960630	960630
960711	960711
960719	960719
960720	960720
960810	960810
960820	960820
960830	960839
960840	960840
960850	960850
960860	960860
960891	960891
960899	960899
960910	960910
960920	960920
960990	960990
961000	961000
961100	961100
961210	961210
961220	961220
961310	961310
961320	961320
961380	961380
961390	961390
961400	961400
961511	961511
961519	961519
961590	961590
961610	961610
961620	961620
961700	961700
961800	961800
961900	481840
962000	847330
970121	970110
970122	970190
970129	970190
970191	970110
970192	970190
970199	970190
970210	970200
970290	970200
970310	970300
970390	970300
970400	970400
970510	970500
970521	970500
970522	970500
970529	970500
970531	970500
970539	970500
970610	970600
970690	970600
999999	999999
